date,product_id,actual_demand,forecast_demand
2025-11-01,P001,193,145.76689
2025-11-02,P001,139,174.74611
2025-11-03,P001,140,123.68457
2025-11-04,P001,145,141.72058
2025-11-05,P001,141,153.06712
2025-11-06,P001,150,137.26941
2025-11-07,P001,149,169.17683
2025-11-08,P001,173,166.14108
2025-11-09,P001,125,173.311
2025-11-10,P001,167,132.69067
2025-11-11,P001,144,161.95407
2025-11-12,P001,125,152.84377
2025-11-13,P001,142,133.15738
2025-11-14,P001,142,140.84305
2025-11-15,P001,178,173.5944
2025-11-16,P001,131,157.99687
2025-11-17,P001,99,131.07712
2025-11-18,P001,125,121.63155
2025-11-19,P001,124,132.74586
2025-11-20,P001,182,129.93153
2025-11-21,P001,157,168.26646
2025-11-22,P001,146,167.9049
2025-11-23,P001,155,140.90468
2025-11-24,P001,119,152.41972
2025-11-25,P001,134,130.58212
2025-11-26,P001,148,133.47488
2025-11-27,P001,115,152.96129
2025-11-28,P001,138,130.01555
2025-11-29,P001,174,164.3091
2025-11-30,P001,153,155.22078
2025-12-01,P001,154,126.702545
2025-12-02,P001,133,141.36095
2025-12-03,P001,96,134.28375
2025-12-04,P001,106,128.81483
2025-12-05,P001,113,127.16129
2025-12-06,P001,142,145.61243
2025-12-08,P001,113,137.60164
2025-12-09,P001,134,122.355736
2025-12-10,P001,109,135.7283
2025-12-11,P001,133,114.625725
2025-12-12,P001,143,134.08318
2025-12-13,P001,184,166.6569
2025-12-14,P001,141,169.3546
2025-12-15,P001,142,130.42545
2025-12-16,P001,134,135.21622
2025-12-17,P001,126,118.3036
2025-12-18,P001,132,128.50307
2025-12-20,P001,148,140.08873
2025-12-21,P001,133,147.31635
2025-12-22,P001,128,119.547165
2025-12-23,P001,115,138.7007
2025-12-24,P001,119,131.34909
2025-12-25,P001,167,121.135864
2025-12-26,P001,127,166.2407
2025-12-27,P001,168,154.99695
2025-12-28,P001,186,154.57454
2025-12-29,P001,165,153.51147
2025-12-30,P001,139,155.43982
2025-11-01,P002,62,54.928894
2025-11-02,P002,72,57.803192
2025-11-03,P002,57,60.384075
2025-11-04,P002,44,60.75973
2025-11-05,P002,57,49.870724
2025-11-06,P002,57,62.214237
2025-11-07,P002,46,62.27627
2025-11-08,P002,47,55.126537
2025-11-09,P002,50,44.506744
2025-11-10,P002,45,40.926147
2025-11-11,P002,51,40.461163
2025-11-12,P002,44,44.44659
2025-11-13,P002,34,44.19043
2025-11-14,P002,47,41.023506
2025-11-15,P002,39,53.311398
2025-11-16,P002,59,49.74175
2025-11-17,P002,35,55.811684
2025-11-18,P002,52,42.206406
2025-11-19,P002,57,55.01232
2025-11-20,P002,39,57.25958
2025-11-21,P002,53,41.21136
2025-11-22,P002,39,53.472267
2025-11-23,P002,59,42.43042
2025-11-24,P002,57,46.970524
2025-11-25,P002,51,52.414913
2025-11-26,P002,44,46.386005
2025-11-27,P002,30,42.98601
2025-11-28,P002,32,39.58587
2025-11-29,P002,31,42.825905
2025-11-30,P002,44,47.220055
2025-12-01,P002,49,39.6827
2025-12-02,P002,68,47.521816
2025-12-03,P002,54,59.374565
2025-12-04,P002,63,49.454506
2025-12-05,P002,64,54.0879
2025-12-06,P002,67,57.07168
2025-12-08,P002,48,49.73291
2025-12-09,P002,42,50.12805
2025-12-10,P002,29,42.97664
2025-12-11,P002,51,33.21658
2025-12-12,P002,50,43.503548
2025-12-13,P002,54,46.410732
2025-12-14,P002,45,51.63061
2025-12-15,P002,57,40.76923
2025-12-16,P002,52,57.582844
2025-12-17,P002,51,53.27953
2025-12-18,P002,50,55.639874
2025-12-20,P002,55,52.752586
2025-12-21,P002,57,53.53999
2025-12-22,P002,36,53.01449
2025-12-23,P002,50,47.7484
2025-12-24,P002,55,52.253166
2025-12-25,P002,67,47.002815
2025-12-26,P002,54,61.69265
2025-12-27,P002,56,52.8318
2025-12-28,P002,65,49.922817
2025-12-29,P002,59,57.755474
2025-12-30,P002,45,61.46297
2025-11-01,P003,422,272.35468
2025-11-02,P003,266,317.8921
2025-11-03,P003,222,234.02786
2025-11-04,P003,256,244.78787
2025-11-05,P003,271,263.3012
2025-11-06,P003,285,275.36914
2025-11-07,P003,276,287.75708
2025-11-08,P003,312,308.04398
2025-11-09,P003,276,297.15543
2025-11-10,P003,270,231.10828
2025-11-11,P003,288,269.22394
2025-11-12,P003,250,279.59305
2025-11-13,P003,256,282.19113
2025-11-14,P003,245,268.60754
2025-11-15,P003,328,284.22458
2025-11-16,P003,300,305.4005
2025-11-17,P003,286,265.28754
2025-11-18,P003,295,285.8089
2025-11-19,P003,282,279.50842
2025-11-20,P003,281,281.8907
2025-11-21,P003,219,279.12793
2025-11-22,P003,325,272.02664
2025-11-23,P003,293,316.57028
2025-11-24,P003,266,276.69232
2025-11-25,P003,280,284.4524
2025-11-26,P003,279,275.98096
2025-11-27,P003,294,280.3826
2025-11-28,P003,300,258.4968
2025-11-29,P003,292,331.97653
2025-11-30,P003,283,291.7934
2025-12-01,P003,293,250.24016
2025-12-02,P003,262,295.41644
2025-12-03,P003,310,281.37915
2025-12-04,P003,281,314.38815
2025-12-05,P003,287,264.07248
2025-12-06,P003,317,326.3926
2025-12-08,P003,262,267.184
2025-12-09,P003,303,273.92828
2025-12-10,P003,201,303.8887
2025-12-11,P003,259,244.72876
2025-12-12,P003,322,278.7486
2025-12-13,P003,335,338.27914
2025-12-14,P003,333,304.85504
2025-12-15,P003,310,283.03033
2025-12-16,P003,245,305.96313
2025-12-17,P003,228,264.10156
2025-12-18,P003,206,257.15613
2025-12-20,P003,331,330.19934
2025-12-21,P003,365,320.74405
2025-12-22,P003,303,316.53458
2025-12-23,P003,285,313.5451
2025-12-24,P003,242,276.20422
2025-12-25,P003,378,252.12315
2025-12-26,P003,235,358.93857
2025-12-27,P003,347,287.11563
2025-12-28,P003,345,329.85608
2025-12-29,P003,288,296.46408
2025-12-30,P003,299,299.2001
2025-11-01,P004,56,35.370987
2025-11-02,P004,26,42.468693
2025-11-03,P004,24,26.75641
2025-11-04,P004,24,25.905365
2025-11-05,P004,22,31.378786
2025-11-06,P004,26,26.659796
2025-11-07,P004,22,33.69008
2025-11-08,P004,44,35.495846
2025-11-09,P004,42,33.68445
2025-11-10,P004,24,33.03393
2025-11-11,P004,23,27.317211
2025-11-12,P004,24,28.253223
2025-11-13,P004,30,27.787033
2025-11-14,P004,20,26.958578
2025-11-15,P004,35,37.08879
2025-11-16,P004,26,31.280779
2025-11-17,P004,19,25.461979
2025-11-18,P004,30,21.224463
2025-11-19,P004,37,26.054342
2025-11-20,P004,36,30.953701
2025-11-21,P004,26,29.138556
2025-11-22,P004,35,35.54615
2025-11-23,P004,26,34.248295
2025-11-24,P004,29,24.040684
2025-11-25,P004,28,24.029043
2025-11-26,P004,32,29.242516
2025-11-27,P004,35,32.299934
2025-11-28,P004,27,27.332829
2025-11-29,P004,38,36.271297
2025-11-30,P004,33,32.10809
2025-12-01,P004,28,25.508183
2025-12-02,P004,38,26.66236
2025-12-03,P004,35,35.664486
2025-12-04,P004,13,33.557774
2025-12-05,P004,24,19.922747
2025-12-06,P004,37,36.02609
2025-12-08,P004,35,24.722824
2025-12-09,P004,36,30.63937
2025-12-10,P004,27,32.296375
2025-12-11,P004,24,28.003717
2025-12-12,P004,27,23.572496
2025-12-13,P004,30,36.779243
2025-12-14,P004,28,27.639097
2025-12-15,P004,27,26.12918
2025-12-16,P004,23,33.358337
2025-12-17,P004,35,28.649626
2025-12-18,P004,26,29.931364
2025-12-20,P004,32,43.02446
2025-12-21,P004,25,27.322449
2025-12-22,P004,31,30.980778
2025-12-23,P004,25,33.445892
2025-12-24,P004,16,37.098053
2025-12-25,P004,41,20.213444
2025-12-26,P004,26,41.827026
2025-12-27,P004,35,30.460949
2025-12-28,P004,33,30.089344
2025-12-29,P004,38,31.182812
2025-12-30,P004,30,37.02962
2025-11-01,P005,77,46.317513
2025-11-02,P005,36,61.973713
2025-11-03,P005,58,39.83333
2025-11-04,P005,69,52.58546
2025-11-05,P005,59,64.62482
2025-11-06,P005,43,50.051506
2025-11-07,P005,32,47.06247
2025-11-08,P005,51,44.763023
2025-11-09,P005,37,46.434933
2025-11-10,P005,24,38.995785
2025-11-11,P005,35,37.315388
2025-11-12,P005,47,38.266613
2025-11-13,P005,38,46.996655
2025-11-14,P005,61,33.627995
2025-11-15,P005,59,66.11818
2025-11-16,P005,75,50.58498
2025-11-17,P005,46,58.594307
2025-11-18,P005,41,51.963947
2025-11-19,P005,53,50.279846
2025-11-20,P005,42,46.59534
2025-11-21,P005,46,39.93269
2025-11-22,P005,51,48.241722
2025-11-23,P005,52,46.72844
2025-11-24,P005,22,42.477665
2025-11-25,P005,33,31.830803
2025-11-26,P005,42,40.455498
2025-11-27,P005,58,42.99478
2025-11-28,P005,49,53.431496
2025-11-29,P005,62,58.693962
2025-11-30,P005,54,60.952065
2025-12-01,P005,71,46.847057
2025-12-02,P005,49,58.938984
2025-12-03,P005,44,51.617847
2025-12-04,P005,37,44.137737
2025-12-05,P005,51,38.20997
2025-12-06,P005,58,52.846176
2025-12-08,P005,31,38.863785
2025-12-09,P005,47,34.064598
2025-12-10,P005,32,45.82577
2025-12-11,P005,38,42.10593
2025-12-12,P005,60,42.99366
2025-12-13,P005,59,61.120533
2025-12-14,P005,56,59.544086
2025-12-15,P005,68,53.656483
2025-12-16,P005,60,54.98634
2025-12-17,P005,55,51.82363
2025-12-18,P005,47,48.710293
2025-12-20,P005,53,53.68496
2025-12-21,P005,52,52.16801
2025-12-22,P005,35,48.667435
2025-12-23,P005,63,47.751194
2025-12-24,P005,42,61.950054
2025-12-25,P005,66,39.293808
2025-12-26,P005,41,64.65849
2025-12-27,P005,53,50.482502
2025-12-28,P005,74,55.205
2025-12-29,P005,57,68.7195
2025-12-30,P005,55,62.796154
2025-11-01,P006,238,212.82886
2025-11-02,P006,205,216.04604
2025-11-03,P006,151,166.9514
2025-11-04,P006,140,158.75049
2025-11-05,P006,147,153.78474
2025-11-06,P006,164,160.12592
2025-11-07,P006,148,207.83304
2025-11-08,P006,196,177.23488
2025-11-09,P006,196,192.80768
2025-11-10,P006,150,169.50557
2025-11-11,P006,161,158.44775
2025-11-12,P006,169,160.36023
2025-11-13,P006,158,166.98492
2025-11-14,P006,165,163.07468
2025-11-15,P006,207,208.79156
2025-11-16,P006,181,211.89262
2025-11-17,P006,180,150.59926
2025-11-18,P006,167,162.47414
2025-11-19,P006,158,162.87845
2025-11-20,P006,170,157.27899
2025-11-21,P006,181,168.92682
2025-11-22,P006,205,196.87703
2025-11-23,P006,215,202.47269
2025-11-24,P006,161,169.7752
2025-11-25,P006,189,165.4002
2025-11-26,P006,164,177.04857
2025-11-27,P006,150,169.63821
2025-11-28,P006,151,161.46968
2025-11-29,P006,206,193.43742
2025-11-30,P006,179,201.05966
2025-12-01,P006,151,160.96912
2025-12-02,P006,173,156.75214
2025-12-03,P006,187,167.87486
2025-12-04,P006,172,175.86584
2025-12-05,P006,197,166.59526
2025-12-06,P006,203,215.05579
2025-12-08,P006,153,162.38011
2025-12-09,P006,129,163.03906
2025-12-10,P006,140,151.3517
2025-12-11,P006,157,149.04442
2025-12-12,P006,178,158.62154
2025-12-13,P006,181,207.02037
2025-12-14,P006,199,184.28745
2025-12-15,P006,172,165.59676
2025-12-16,P006,175,167.04533
2025-12-17,P006,192,169.74033
2025-12-18,P006,150,187.29366
2025-12-20,P006,218,173.20927
2025-12-21,P006,200,208.45998
2025-12-22,P006,169,168.33514
2025-12-23,P006,132,171.29607
2025-12-24,P006,152,152.90508
2025-12-25,P006,253,150.31952
2025-12-26,P006,168,229.64777
2025-12-27,P006,194,186.42734
2025-12-28,P006,138,192.36295
2025-12-29,P006,125,149.60828
2025-12-30,P006,189,149.72653
2025-11-01,P007,138,95.20435
2025-11-02,P007,97,109.28271
2025-11-03,P007,70,83.56245
2025-11-04,P007,82,73.281975
2025-11-05,P007,90,87.79974
2025-11-06,P007,89,84.884254
2025-11-07,P007,71,95.452
2025-11-08,P007,78,90.07116
2025-11-09,P007,102,87.68874
2025-11-10,P007,81,80.203186
2025-11-11,P007,76,78.64707
2025-11-12,P007,83,84.81557
2025-11-13,P007,86,83.32384
2025-11-14,P007,85,81.184044
2025-11-15,P007,85,98.76097
2025-11-16,P007,104,85.6912
2025-11-17,P007,85,85.29536
2025-11-18,P007,93,80.09318
2025-11-19,P007,66,89.19471
2025-11-20,P007,84,77.755684
2025-11-21,P007,82,79.07054
2025-11-22,P007,90,85.15558
2025-11-23,P007,97,98.192665
2025-11-24,P007,93,78.16297
2025-11-25,P007,84,84.44697
2025-11-26,P007,86,84.18834
2025-11-27,P007,77,86.40647
2025-11-28,P007,84,80.15277
2025-11-29,P007,103,91.66151
2025-11-30,P007,90,100.01346
2025-12-01,P007,96,79.4499
2025-12-02,P007,97,90.17953
2025-12-03,P007,77,84.6045
2025-12-04,P007,74,83.02952
2025-12-05,P007,98,77.48741
2025-12-06,P007,122,96.81715
2025-12-08,P007,88,95.35671
2025-12-09,P007,90,84.15263
2025-12-10,P007,96,86.48305
2025-12-11,P007,79,85.81402
2025-12-12,P007,79,82.48001
2025-12-13,P007,85,96.19289
2025-12-14,P007,123,93.34689
2025-12-15,P007,85,95.86378
2025-12-16,P007,90,88.53846
2025-12-17,P007,93,83.57841
2025-12-18,P007,95,85.60098
2025-12-20,P007,104,97.578575
2025-12-21,P007,111,111.908714
2025-12-22,P007,78,94.66489
2025-12-23,P007,84,89.73319
2025-12-24,P007,91,96.32528
2025-12-25,P007,123,80.70426
2025-12-26,P007,92,104.18511
2025-12-27,P007,99,95.154625
2025-12-28,P007,104,105.45004
2025-12-29,P007,86,93.44812
2025-12-30,P007,94,93.919174
2025-11-01,P008,196,130.19516
2025-11-02,P008,121,173.42987
2025-11-03,P008,92,120.606476
2025-11-04,P008,112,107.78832
2025-11-05,P008,107,117.04443
2025-11-06,P008,109,101.777245
2025-11-07,P008,124,112.52879
2025-11-08,P008,150,140.16304
2025-11-09,P008,139,146.71222
2025-11-10,P008,114,122.18672
2025-11-11,P008,102,117.55407
2025-11-12,P008,109,107.6156
2025-11-13,P008,122,106.751144
2025-11-14,P008,124,119.68678
2025-11-15,P008,99,141.81198
2025-11-16,P008,139,115.05343
2025-11-17,P008,98,110.10011
2025-11-18,P008,124,101.04223
2025-11-19,P008,146,115.535614
2025-11-20,P008,128,129.99582
2025-11-21,P008,125,126.0532
2025-11-22,P008,138,138.77489
2025-11-23,P008,115,135.82222
2025-11-24,P008,127,108.04202
2025-11-25,P008,109,120.87961
2025-11-26,P008,124,114.44343
2025-11-27,P008,134,124.09232
2025-11-28,P008,103,127.868546
2025-11-29,P008,128,119.637276
2025-11-30,P008,129,131.55432
2025-12-01,P008,184,107.52493
2025-12-02,P008,142,151.47034
2025-12-03,P008,119,140.69775
2025-12-04,P008,117,125.659424
2025-12-05,P008,123,119.69438
2025-12-06,P008,107,141.76192
2025-12-08,P008,110,123.276665
2025-12-09,P008,102,112.56321
2025-12-10,P008,141,115.2216
2025-12-11,P008,132,135.36595
2025-12-12,P008,105,121.37517
2025-12-13,P008,149,119.31213
2025-12-14,P008,162,138.30484
2025-12-15,P008,119,151.57347
2025-12-16,P008,111,128.21646
2025-12-17,P008,100,120.83583
2025-12-18,P008,112,112.0656
2025-12-20,P008,140,126.34266
2025-12-21,P008,150,137.10168
2025-12-22,P008,113,128.57654
2025-12-23,P008,110,114.18378
2025-12-24,P008,145,129.76965
2025-12-25,P008,199,133.6776
2025-12-26,P008,128,169.82127
2025-12-27,P008,147,141.99968
2025-12-28,P008,78,146.30421
2025-12-29,P008,81,100.237526
2025-12-30,P008,80,102.83389
2025-11-01,P009,85,56.645817
2025-11-02,P009,59,68.15583
2025-11-03,P009,41,52.28052
2025-11-04,P009,34,43.447
2025-11-05,P009,47,46.907124
2025-11-06,P009,54,45.315845
2025-11-07,P009,43,55.54851
2025-11-08,P009,61,43.736885
2025-11-09,P009,65,52.824417
2025-11-10,P009,37,50.851784
2025-11-11,P009,43,40.54617
2025-11-12,P009,42,49.548782
2025-11-13,P009,50,51.161224
2025-11-14,P009,62,47.657467
2025-11-15,P009,76,71.52546
2025-11-16,P009,61,68.187035
2025-11-17,P009,44,52.243874
2025-11-18,P009,45,40.94277
2025-11-19,P009,53,45.51392
2025-11-20,P009,52,51.550865
2025-11-21,P009,31,49.118427
2025-11-22,P009,47,45.363377
2025-11-23,P009,46,53.962017
2025-11-24,P009,59,40.905582
2025-11-25,P009,48,50.986256
2025-11-26,P009,62,46.70019
2025-11-27,P009,47,60.708134
2025-11-28,P009,48,51.691322
2025-11-29,P009,61,63.656757
2025-11-30,P009,63,58.11919
2025-12-01,P009,55,47.99414
2025-12-02,P009,63,49.17596
2025-12-03,P009,45,58.77003
2025-12-04,P009,54,47.396965
2025-12-05,P009,46,46.32495
2025-12-06,P009,49,51.251785
2025-12-08,P009,45,53.186
2025-12-09,P009,50,44.99628
2025-12-10,P009,42,53.19826
2025-12-11,P009,47,46.724022
2025-12-12,P009,45,46.75418
2025-12-13,P009,54,57.499275
2025-12-14,P009,34,62.414177
2025-12-15,P009,65,40.21098
2025-12-16,P009,70,59.16196
2025-12-17,P009,59,55.943806
2025-12-18,P009,62,55.63464
2025-12-20,P009,48,63.64243
2025-12-21,P009,54,53.77032
2025-12-22,P009,44,53.264713
2025-12-23,P009,55,51.5861
2025-12-24,P009,42,61.64126
2025-12-25,P009,54,42.359524
2025-12-26,P009,34,59.849052
2025-12-27,P009,40,45.73368
2025-12-28,P009,37,41.913605
2025-12-29,P009,50,51.036026
2025-12-30,P009,58,62.071995
2025-11-01,P010,223,154.61647
2025-11-02,P010,133,200.26976
2025-11-03,P010,154,117.5633
2025-11-04,P010,145,148.31873
2025-11-05,P010,138,140.06863
2025-11-06,P010,136,137.11296
2025-11-07,P010,143,149.10704
2025-11-08,P010,150,158.28842
2025-11-09,P010,161,146.74088
2025-11-10,P010,141,141.38643
2025-11-11,P010,139,139.08711
2025-11-12,P010,146,140.10718
2025-11-13,P010,143,136.35988
2025-11-14,P010,123,140.3405
2025-11-15,P010,143,159.9096
2025-11-16,P010,156,143.05113
2025-11-17,P010,142,140.54352
2025-11-18,P010,128,143.5267
2025-11-19,P010,132,133.82822
2025-11-20,P010,141,130.92244
2025-11-21,P010,130,146.45857
2025-11-22,P010,134,139.46713
2025-11-23,P010,136,145.74577
2025-11-24,P010,141,123.12101
2025-11-25,P010,145,136.697
2025-11-26,P010,135,143.82292
2025-11-27,P010,139,137.9546
2025-11-28,P010,152,132.19914
2025-11-29,P010,131,168.02303
2025-11-30,P010,125,137.84636
2025-12-01,P010,132,129.52434
2025-12-02,P010,150,133.39354
2025-12-03,P010,152,140.1336
2025-12-04,P010,133,144.37267
2025-12-05,P010,143,136.19437
2025-12-06,P010,139,149.23438
2025-12-08,P010,135,127.52199
2025-12-09,P010,116,138.6521
2025-12-10,P010,138,128.81424
2025-12-11,P010,132,137.64153
2025-12-12,P010,130,135.3638
2025-12-13,P010,148,142.04959
2025-12-14,P010,129,140.11157
2025-12-15,P010,133,120.5939
2025-12-16,P010,105,135.92117
2025-12-17,P010,162,130.00096
2025-12-18,P010,145,148.39351
2025-12-20,P010,169,154.26898
2025-12-21,P010,152,157.63449
2025-12-22,P010,159,132.64465
2025-12-23,P010,146,145.91347
2025-12-24,P010,130,153.554
2025-12-25,P010,159,129.98004
2025-12-26,P010,133,156.76149
2025-12-27,P010,160,150.51872
2025-12-28,P010,142,144.56099
2025-12-29,P010,136,135.6209
2025-12-30,P010,136,137.36594
2025-11-01,P011,411,260.94962
2025-11-02,P011,397,330.097
2025-11-03,P011,370,344.10635
2025-11-04,P011,307,352.56232
2025-11-05,P011,288,300.20047
2025-11-06,P011,233,274.1222
2025-11-07,P011,218,256.76413
2025-11-08,P011,192,243.84651
2025-11-09,P011,130,189.38667
2025-11-10,P011,151,90.73817
2025-11-11,P011,236,139.50116
2025-11-12,P011,217,215.82492
2025-11-13,P011,223,204.76457
2025-11-14,P011,236,230.25252
2025-11-15,P011,272,264.99622
2025-11-16,P011,258,291.7824
2025-11-17,P011,255,273.8841
2025-11-18,P011,275,271.96536
2025-11-19,P011,254,266.97577
2025-11-20,P011,241,253.4999
2025-11-21,P011,229,234.39536
2025-11-22,P011,289,219.40858
2025-11-23,P011,220,230.04164
2025-11-24,P011,170,191.36142
2025-11-25,P011,225,191.46991
2025-11-26,P011,212,222.27623
2025-11-27,P011,215,219.2652
2025-11-28,P011,217,220.06812
2025-11-29,P011,266,261.40494
2025-11-30,P011,223,252.12323
2025-12-01,P011,222,213.54764
2025-12-02,P011,281,251.81508
2025-12-03,P011,188,272.24908
2025-12-04,P011,243,208.59743
2025-12-05,P011,267,217.84457
2025-12-06,P011,297,280.3835
2025-12-07,P011,220,250.4217
2025-12-08,P011,209,182.96613
2025-12-09,P011,255,233.523
2025-12-10,P011,185,234.21089
2025-12-11,P011,201,199.34126
2025-12-12,P011,238,215.31406
2025-12-13,P011,268,287.2143
2025-12-14,P011,257,237.41772
2025-12-15,P011,197,224.19812
2025-12-16,P011,211,228.56949
2025-12-17,P011,210,210.80415
2025-12-18,P011,193,221.95557
2025-12-20,P011,301,309.8592
2025-12-21,P011,246,277.97772
2025-12-22,P011,223,217.18422
2025-12-23,P011,209,246.12798
2025-12-24,P011,213,208.41971
2025-12-25,P011,254,201.87161
2025-12-26,P011,212,271.44382
2025-12-27,P011,211,256.4116
2025-12-28,P011,234,233.29764
2025-12-29,P011,219,208.20709
2025-12-30,P011,300,232.58752
2025-11-01,P012,126,75.99861
2025-11-02,P012,65,95.24736
2025-11-03,P012,75,69.70276
2025-11-04,P012,98,74.19691
2025-11-05,P012,78,83.38233
2025-11-06,P012,78,78.25208
2025-11-07,P012,82,90.1757
2025-11-08,P012,79,94.12793
2025-11-09,P012,88,73.80998
2025-11-10,P012,83,76.79577
2025-11-11,P012,77,79.15176
2025-11-12,P012,57,74.74048
2025-11-13,P012,72,65.273346
2025-11-14,P012,97,70.11569
2025-11-15,P012,108,103.173485
2025-11-16,P012,93,89.54335
2025-11-17,P012,81,78.65888
2025-11-18,P012,61,82.784065
2025-11-19,P012,86,65.526115
2025-11-20,P012,74,82.02207
2025-11-21,P012,77,81.39117
2025-11-22,P012,104,85.53859
2025-11-23,P012,110,94.69189
2025-11-24,P012,98,87.451294
2025-11-25,P012,83,83.31324
2025-11-26,P012,99,74.52583
2025-11-27,P012,86,83.43483
2025-11-28,P012,60,84.47455
2025-11-29,P012,82,92.48102
2025-11-30,P012,86,89.35259
2025-12-01,P012,77,79.41405
2025-12-02,P012,91,75.53014
2025-12-03,P012,95,88.043396
2025-12-04,P012,81,84.610374
2025-12-05,P012,96,77.48312
2025-12-06,P012,99,95.66527
2025-12-07,P012,83,93.00727
2025-12-08,P012,58,82.68252
2025-12-09,P012,83,71.59974
2025-12-10,P012,83,83.698326
2025-12-11,P012,89,82.84739
2025-12-12,P012,71,81.97471
2025-12-13,P012,110,87.30856
2025-12-14,P012,126,98.56915
2025-12-15,P012,103,88.12992
2025-12-16,P012,86,91.03342
2025-12-17,P012,46,89.411385
2025-12-18,P012,70,59.853867
2025-12-20,P012,107,96.24792
2025-12-21,P012,81,105.99792
2025-12-22,P012,97,77.652596
2025-12-23,P012,92,91.27366
2025-12-24,P012,94,96.752884
2025-12-25,P012,106,85.614006
2025-12-26,P012,78,92.63946
2025-12-27,P012,101,94.86587
2025-12-28,P012,77,103.85575
2025-12-29,P012,72,84.53417
2025-12-30,P012,93,87.67592
2025-11-01,P013,202,137.80415
2025-11-02,P013,125,175.07526
2025-11-03,P013,129,122.09294
2025-11-04,P013,115,128.09506
2025-11-05,P013,126,124.63786
2025-11-06,P013,102,132.95851
2025-11-07,P013,118,125.965454
2025-11-08,P013,153,146.40082
2025-11-09,P013,118,146.32407
2025-11-10,P013,119,113.48474
2025-11-11,P013,135,124.347046
2025-11-12,P013,127,127.08037
2025-11-13,P013,123,125.5335
2025-11-14,P013,110,121.37123
2025-11-15,P013,147,146.04965
2025-11-16,P013,124,134.32176
2025-11-17,P013,98,117.363884
2025-11-18,P013,118,108.36284
2025-11-19,P013,110,124.05219
2025-11-20,P013,129,115.11635
2025-11-21,P013,129,123.03092
2025-11-22,P013,145,144.51973
2025-11-23,P013,135,134.5123
2025-11-24,P013,118,117.38361
2025-11-25,P013,130,122.9222
2025-11-26,P013,123,126.854614
2025-11-27,P013,121,128.17522
2025-11-28,P013,124,120.23281
2025-11-29,P013,149,150.93701
2025-11-30,P013,117,135.52754
2025-12-01,P013,116,112.6762
2025-12-02,P013,113,122.41158
2025-12-03,P013,106,118.16222
2025-12-04,P013,116,117.426674
2025-12-05,P013,116,120.86699
2025-12-06,P013,116,141.79059
2025-12-07,P013,129,122.33476
2025-12-08,P013,103,114.598976
2025-12-09,P013,110,118.04582
2025-12-10,P013,107,116.597145
2025-12-11,P013,120,116.54171
2025-12-12,P013,133,120.24209
2025-12-13,P013,131,147.9334
2025-12-14,P013,148,125.24495
2025-12-15,P013,115,122.738434
2025-12-16,P013,99,115.73489
2025-12-17,P013,109,101.923416
2025-12-18,P013,135,117.88767
2025-12-20,P013,131,144.47417
2025-12-21,P013,108,131.98964
2025-12-22,P013,118,108.49785
2025-12-23,P013,105,121.92977
2025-12-24,P013,123,120.025215
2025-12-25,P013,176,121.457855
2025-12-26,P013,116,159.72195
2025-12-27,P013,144,132.2956
2025-12-28,P013,124,139.68694
2025-12-29,P013,128,117.92861
2025-12-30,P013,110,121.12643
2025-11-01,P014,147,116.632286
2025-11-02,P014,89,128.74597
2025-11-03,P014,66,78.96996
2025-11-04,P014,52,79.21257
2025-11-05,P014,50,74.454666
2025-11-06,P014,75,64.69251
2025-11-07,P014,97,91.7867
2025-11-08,P014,114,102.80475
2025-11-09,P014,132,97.78897
2025-11-10,P014,110,101.82567
2025-11-11,P014,101,110.53074
2025-11-12,P014,89,96.07211
2025-11-13,P014,87,91.62773
2025-11-14,P014,82,96.532974
2025-11-15,P014,108,109.77146
2025-11-16,P014,120,111.87079
2025-11-17,P014,92,91.958855
2025-11-18,P014,76,86.23588
2025-11-19,P014,85,69.7009
2025-11-20,P014,72,78.183586
2025-11-21,P014,76,84.61518
2025-11-22,P014,115,100.71157
2025-11-23,P014,106,117.07464
2025-11-24,P014,114,97.688385
2025-11-25,P014,102,110.56655
2025-11-26,P014,85,98.9659
2025-11-27,P014,98,87.43006
2025-11-28,P014,103,90.50556
2025-11-29,P014,115,117.59657
2025-11-30,P014,110,112.92493
2025-12-01,P014,70,91.58627
2025-12-02,P014,71,72.79132
2025-12-03,P014,69,76.268394
2025-12-04,P014,115,73.506516
2025-12-05,P014,117,98.20648
2025-12-06,P014,131,123.707954
2025-12-07,P014,122,119.240326
2025-12-08,P014,94,107.54718
2025-12-09,P014,71,95.396614
2025-12-10,P014,63,79.38822
2025-12-11,P014,72,85.96158
2025-12-12,P014,67,87.36095
2025-12-13,P014,73,99.46921
2025-12-14,P014,95,95.50168
2025-12-15,P014,104,80.16731
2025-12-16,P014,113,87.75091
2025-12-17,P014,113,90.466606
2025-12-18,P014,95,102.73599
2025-12-20,P014,113,123.74518
2025-12-21,P014,110,110.94133
2025-12-22,P014,107,103.02708
2025-12-23,P014,78,103.23643
2025-12-24,P014,75,87.52314
2025-12-25,P014,124,75.45617
2025-12-26,P014,78,109.39017
2025-12-27,P014,72,84.9476
2025-12-28,P014,81,89.74836
2025-12-29,P014,71,86.013565
2025-12-30,P014,98,86.27258
2025-11-01,P015,178,122.45077
2025-11-02,P015,120,151.8132
2025-11-03,P015,127,116.09899
2025-11-04,P015,120,127.84496
2025-11-05,P015,124,113.09231
2025-11-06,P015,102,123.72157
2025-11-07,P015,114,128.24129
2025-11-08,P015,133,133.91959
2025-11-09,P015,128,136.09903
2025-11-10,P015,106,108.43466
2025-11-11,P015,118,116.09334
2025-11-12,P015,127,114.04381
2025-11-13,P015,139,123.63012
2025-11-14,P015,142,124.93546
2025-11-15,P015,129,151.67313
2025-11-16,P015,121,125.913414
2025-11-17,P015,127,116.72691
2025-11-18,P015,117,126.40361
2025-11-19,P015,117,120.93712
2025-11-20,P015,132,118.69131
2025-11-21,P015,134,129.97005
2025-11-22,P015,121,137.75922
2025-11-23,P015,143,126.66696
2025-11-24,P015,91,121.6344
2025-11-25,P015,111,105.5809
2025-11-26,P015,95,112.67841
2025-11-27,P015,124,115.00537
2025-11-28,P015,126,127.07265
2025-11-29,P015,129,142.4968
2025-11-30,P015,147,129.3377
2025-12-01,P015,138,123.99329
2025-12-02,P015,129,125.60953
2025-12-03,P015,116,122.675224
2025-12-04,P015,102,122.65999
2025-12-05,P015,113,114.4929
2025-12-06,P015,150,125.70609
2025-12-07,P015,155,145.7555
2025-12-08,P015,112,127.18793
2025-12-09,P015,108,116.51786
2025-12-10,P015,106,112.40128
2025-12-11,P015,124,118.06596
2025-12-12,P015,116,124.62719
2025-12-13,P015,114,133.23506
2025-12-14,P015,141,131.36612
2025-12-15,P015,102,124.82645
2025-12-16,P015,108,114.50106
2025-12-17,P015,113,112.17689
2025-12-18,P015,132,118.21901
2025-12-20,P015,135,127.8712
2025-12-21,P015,132,137.13542
2025-12-22,P015,123,111.700745
2025-12-23,P015,105,120.17549
2025-12-24,P015,98,113.50743
2025-12-25,P015,153,108.4803
2025-12-26,P015,113,144.61942
2025-12-27,P015,146,123.33115
2025-12-28,P015,145,141.52675
2025-12-29,P015,109,125.74016
2025-12-30,P015,108,116.89661
2025-11-01,P016,150,113.59522
2025-11-02,P016,151,132.4874
2025-11-03,P016,134,126.87306
2025-11-04,P016,131,134.03903
2025-11-05,P016,131,136.15945
2025-11-06,P016,141,145.3742
2025-11-07,P016,154,156.71254
2025-11-08,P016,174,161.4844
2025-11-09,P016,157,150.4098
2025-11-10,P016,106,128.27213
2025-11-11,P016,119,115.649124
2025-11-12,P016,105,119.33319
2025-11-13,P016,72,102.099556
2025-11-14,P016,97,85.104225
2025-11-15,P016,140,125.89697
2025-11-16,P016,118,141.45692
2025-11-17,P016,132,114.04169
2025-11-18,P016,137,131.03209
2025-11-19,P016,178,135.37796
2025-11-20,P016,166,161.51364
2025-11-21,P016,169,163.7422
2025-11-22,P016,169,173.6786
2025-11-23,P016,123,159.89732
2025-11-24,P016,114,109.37598
2025-11-25,P016,107,118.93383
2025-11-26,P016,100,109.771614
2025-11-27,P016,113,93.63552
2025-11-28,P016,100,108.87418
2025-11-29,P016,130,131.07446
2025-11-30,P016,157,127.96191
2025-12-01,P016,119,130.09021
2025-12-02,P016,160,124.78755
2025-12-03,P016,146,166.68835
2025-12-04,P016,137,149.86322
2025-12-05,P016,137,147.05524
2025-12-06,P016,155,159.36746
2025-12-07,P016,173,147.88644
2025-12-08,P016,157,134.15878
2025-12-09,P016,163,142.22237
2025-12-10,P016,123,149.26599
2025-12-11,P016,105,117.97667
2025-12-12,P016,69,105.730446
2025-12-13,P016,116,105.609566
2025-12-14,P016,132,135.43192
2025-12-15,P016,126,121.50465
2025-12-16,P016,182,144.78516
2025-12-17,P016,169,169.45312
2025-12-18,P016,173,153.61389
2025-12-20,P016,247,194.85384
2025-12-21,P016,203,212.35968
2025-12-22,P016,140,165.08344
2025-12-23,P016,80,154.44797
2025-12-24,P016,78,109.743675
2025-12-25,P016,82,90.68028
2025-12-26,P016,82,94.02367
2025-12-27,P016,71,111.0047
2025-12-28,P016,147,102.98645
2025-12-29,P016,167,128.93814
2025-12-30,P016,166,173.06519
2025-11-01,P017,307,176.66028
2025-11-02,P017,198,252.04066
2025-11-03,P017,126,170.89635
2025-11-04,P017,161,153.32481
2025-11-05,P017,195,175.57135
2025-11-06,P017,182,190.55655
2025-11-07,P017,202,198.90521
2025-11-08,P017,202,207.4556
2025-11-09,P017,213,184.68242
2025-11-10,P017,157,161.4677
2025-11-11,P017,181,165.56425
2025-11-12,P017,178,191.14026
2025-11-13,P017,180,178.30276
2025-11-14,P017,169,175.49968
2025-11-15,P017,194,221.11075
2025-11-16,P017,239,194.42862
2025-11-17,P017,183,187.02806
2025-11-18,P017,180,182.17009
2025-11-19,P017,152,182.78575
2025-11-20,P017,191,161.675
2025-11-21,P017,197,191.67677
2025-11-22,P017,189,205.19576
2025-11-23,P017,234,199.31085
2025-11-24,P017,246,193.57652
2025-11-25,P017,284,213.30023
2025-11-26,P017,175,220.80597
2025-11-27,P017,200,177.99173
2025-11-28,P017,194,188.77356
2025-11-29,P017,207,216.44795
2025-11-30,P017,217,218.11778
2025-12-01,P017,232,186.46239
2025-12-02,P017,197,208.66528
2025-12-03,P017,160,185.49356
2025-12-04,P017,174,179.91145
2025-12-05,P017,182,182.57889
2025-12-06,P017,172,197.64816
2025-12-07,P017,234,198.23364
2025-12-08,P017,187,218.64117
2025-12-09,P017,174,205.61794
2025-12-10,P017,164,175.35677
2025-12-11,P017,192,179.61813
2025-12-12,P017,192,186.26682
2025-12-13,P017,193,209.29805
2025-12-14,P017,256,208.1821
2025-12-15,P017,169,217.70135
2025-12-16,P017,185,180.03366
2025-12-17,P017,170,173.91824
2025-12-18,P017,169,177.33817
2025-12-20,P017,222,193.77037
2025-12-21,P017,198,246.35152
2025-12-22,P017,210,186.58965
2025-12-23,P017,175,213.91847
2025-12-24,P017,149,181.92018
2025-12-25,P017,233,166.38898
2025-12-26,P017,163,219.85503
2025-12-27,P017,220,192.84616
2025-12-28,P017,207,227.98776
2025-12-29,P017,175,188.39522
2025-12-30,P017,157,181.81258
2025-11-01,P018,131,68.57194
2025-11-02,P018,102,96.2213
2025-11-03,P018,85,76.051544
2025-11-04,P018,69,73.04838
2025-11-05,P018,75,61.971725
2025-11-06,P018,73,66.40614
2025-11-07,P018,71,66.37367
2025-11-08,P018,41,68.44443
2025-11-09,P018,54,53.238476
2025-11-10,P018,45,50.75992
2025-11-11,P018,42,51.807297
2025-11-12,P018,54,58.10108
2025-11-13,P018,66,63.00334
2025-11-14,P018,81,66.68897
2025-11-15,P018,85,87.99401
2025-11-16,P018,90,82.3909
2025-11-17,P018,86,77.18623
2025-11-18,P018,95,74.565765
2025-11-19,P018,83,79.61072
2025-11-20,P018,92,73.90473
2025-11-21,P018,60,80.89725
2025-11-22,P018,52,55.796062
2025-11-23,P018,56,57.705647
2025-11-24,P018,55,49.698708
2025-11-25,P018,47,55.28011
2025-11-26,P018,40,56.090538
2025-11-27,P018,65,56.11774
2025-11-28,P018,75,68.30776
2025-11-29,P018,82,86.862816
2025-11-30,P018,80,87.732574
2025-12-01,P018,80,76.68316
2025-12-02,P018,70,77.63806
2025-12-03,P018,63,73.711494
2025-12-04,P018,86,74.72455
2025-12-05,P018,82,76.39951
2025-12-06,P018,90,73.20489
2025-12-07,P018,84,77.644684
2025-12-08,P018,59,65.97736
2025-12-09,P018,59,55.831024
2025-12-10,P018,62,52.90375
2025-12-11,P018,69,67.96853
2025-12-12,P018,62,71.65677
2025-12-13,P018,66,80.52779
2025-12-14,P018,69,77.04037
2025-12-15,P018,57,68.96101
2025-12-16,P018,81,67.45261
2025-12-17,P018,69,75.229355
2025-12-18,P018,69,79.5256
2025-12-20,P018,97,80.04221
2025-12-21,P018,113,84.11556
2025-12-22,P018,88,82.65103
2025-12-23,P018,65,81.95842
2025-12-24,P018,95,71.89146
2025-12-25,P018,99,78.81807
2025-12-26,P018,67,83.28446
2025-12-27,P018,59,75.63447
2025-12-28,P018,66,68.75765
2025-12-29,P018,45,68.85338
2025-12-30,P018,46,60.141254
2025-11-01,P019,34,22.047037
2025-11-02,P019,36,25.51816
2025-11-03,P019,28,26.64462
2025-11-04,P019,24,22.89402
2025-11-05,P019,27,24.443089
2025-11-06,P019,23,27.2376
2025-11-07,P019,26,23.694557
2025-11-08,P019,27,28.047518
2025-11-09,P019,38,26.647984
2025-11-10,P019,27,28.191439
2025-11-11,P019,15,24.482965
2025-11-12,P019,11,19.22216
2025-11-13,P019,11,17.643438
2025-11-14,P019,17,17.589077
2025-11-15,P019,15,23.642982
2025-11-16,P019,28,24.600306
2025-11-17,P019,30,24.821218
2025-11-18,P019,33,23.39566
2025-11-19,P019,36,26.809874
2025-11-20,P019,30,26.84997
2025-11-21,P019,34,23.490765
2025-11-22,P019,32,28.986364
2025-11-23,P019,25,31.949106
2025-11-24,P019,23,24.94322
2025-11-25,P019,31,20.908852
2025-11-26,P019,18,23.91168
2025-11-27,P019,18,20.557579
2025-11-28,P019,10,16.571342
2025-11-29,P019,23,21.912302
2025-11-30,P019,16,28.069836
2025-12-01,P019,32,21.781551
2025-12-02,P019,25,29.142025
2025-12-03,P019,22,27.311031
2025-12-04,P019,34,24.568375
2025-12-05,P019,18,28.889685
2025-12-06,P019,32,24.759947
2025-12-07,P019,30,30.2475
2025-12-08,P019,17,23.892595
2025-12-09,P019,19,22.169394
2025-12-10,P019,31,20.8565
2025-12-11,P019,20,25.722626
2025-12-12,P019,18,18.327127
2025-12-13,P019,21,21.989782
2025-12-14,P019,18,22.912966
2025-12-15,P019,20,22.603651
2025-12-16,P019,20,24.709835
2025-12-17,P019,21,25.086117
2025-12-18,P019,29,26.624561
2025-12-20,P019,34,35.508347
2025-12-21,P019,40,28.045181
2025-12-22,P019,32,30.736702
2025-12-23,P019,20,30.721298
2025-12-24,P019,19,30.55464
2025-12-25,P019,16,18.353582
2025-12-26,P019,19,20.351976
2025-12-27,P019,22,22.695356
2025-12-28,P019,13,24.544333
2025-12-29,P019,14,23.772953
2025-12-30,P019,25,23.078596
2025-11-01,P020,124,84.26832
2025-11-02,P020,71,106.797905
2025-11-03,P020,67,72.16349
2025-11-04,P020,110,72.06973
2025-11-05,P020,106,96.67265
2025-11-06,P020,93,93.47598
2025-11-07,P020,81,102.52973
2025-11-08,P020,85,100.16089
2025-11-09,P020,87,80.88672
2025-11-10,P020,81,77.695496
2025-11-11,P020,64,77.925156
2025-11-12,P020,82,71.9278
2025-11-13,P020,71,78.98368
2025-11-14,P020,78,74.711876
2025-11-15,P020,90,89.09717
2025-11-16,P020,84,83.50587
2025-11-17,P020,91,73.32801
2025-11-18,P020,81,89.560776
2025-11-19,P020,78,87.69269
2025-11-20,P020,78,82.3216
2025-11-21,P020,82,78.90448
2025-11-22,P020,87,89.762985
2025-11-23,P020,77,84.588066
2025-11-24,P020,97,74.98441
2025-11-25,P020,77,82.17567
2025-11-26,P020,75,80.46341
2025-11-27,P020,94,75.69785
2025-11-28,P020,74,83.55043
2025-11-29,P020,79,89.22208
2025-11-30,P020,65,81.88588
2025-12-01,P020,68,73.88913
2025-12-02,P020,73,77.52089
2025-12-03,P020,76,79.42159
2025-12-04,P020,89,82.28742
2025-12-05,P020,81,81.463135
2025-12-06,P020,87,88.03419
2025-12-07,P020,95,82.70143
2025-12-08,P020,77,84.052345
2025-12-09,P020,83,75.748856
2025-12-10,P020,108,79.45067
2025-12-11,P020,87,97.21852
2025-12-12,P020,89,79.715126
2025-12-13,P020,75,88.32248
2025-12-14,P020,78,77.49441
2025-12-15,P020,58,71.647415
2025-12-16,P020,63,67.93508
2025-12-17,P020,66,74.31584
2025-12-18,P020,88,78.23267
2025-12-20,P020,104,95.86657
2025-12-21,P020,101,94.145645
2025-12-22,P020,77,84.76832
2025-12-23,P020,91,82.71787
2025-12-24,P020,102,99.92478
2025-12-25,P020,94,90.8128
2025-12-26,P020,84,90.50508
2025-12-27,P020,66,83.67499
2025-12-28,P020,65,73.203674
2025-12-29,P020,69,66.76327
2025-12-30,P020,64,75.24538
2025-11-01,P021,344,258.40796
2025-11-02,P021,279,286.1142
2025-11-03,P021,261,228.15674
2025-11-04,P021,231,260.42017
2025-11-05,P021,256,242.7625
2025-11-06,P021,223,245.20319
2025-11-07,P021,245,264.28488
2025-11-08,P021,266,293.88504
2025-11-09,P021,297,239.54959
2025-11-10,P021,266,253.14998
2025-11-11,P021,267,254.7429
2025-11-13,P021,209,249.96109
2025-11-14,P021,200,234.73196
2025-11-15,P021,259,253.01657
2025-11-16,P021,251,268.83774
2025-11-17,P021,310,262.83167
2025-11-18,P021,289,291.59402
2025-11-19,P021,294,279.107
2025-11-20,P021,296,259.5202
2025-11-21,P021,263,275.3847
2025-11-22,P021,304,271.38333
2025-11-23,P021,308,295.9686
2025-11-24,P021,274,270.4868
2025-11-25,P021,144,268.8597
2025-11-26,P021,128,189.83075
2025-11-27,P021,226,165.64923
2025-11-28,P021,285,224.25989
2025-11-29,P021,347,310.80408
2025-11-30,P021,326,321.426
2025-12-01,P021,278,280.9839
2025-12-02,P021,266,269.61716
2025-12-03,P021,313,277.31372
2025-12-04,P021,316,293.94217
2025-12-05,P021,277,288.74545
2025-12-06,P021,255,322.10568
2025-12-07,P021,141,292.0657
2025-12-08,P021,152,202.85147
2025-12-09,P021,328,170.25407
2025-12-10,P021,329,284.99478
2025-12-11,P021,306,279.85403
2025-12-12,P021,308,271.97955
2025-12-13,P021,313,328.26837
2025-12-14,P021,338,316.77435
2025-12-15,P021,284,276.48425
2025-12-16,P021,280,290.8849
2025-12-17,P021,209,309.56824
2025-12-18,P021,193,255.7439
2025-12-19,P021,229,233.12338
2025-12-20,P021,263,274.17554
2025-12-21,P021,429,246.65846
2025-12-22,P021,277,311.17932
2025-12-23,P021,291,304.0443
2025-12-24,P021,287,291.40833
2025-12-25,P021,345,284.3109
2025-12-26,P021,263,317.50696
2025-12-27,P021,314,295.93375
2025-12-28,P021,345,317.66763
2025-12-29,P021,211,296.8417
2025-12-30,P021,172,255.69954
2025-11-01,P022,232,155.45848
2025-11-02,P022,153,188.22876
2025-11-03,P022,169,130.46254
2025-11-04,P022,139,156.45247
2025-11-05,P022,143,140.79605
2025-11-06,P022,131,151.2439
2025-11-07,P022,125,161.07994
2025-11-08,P022,118,162.48787
2025-11-09,P022,130,149.59967
2025-11-10,P022,183,133.6999
2025-11-11,P022,166,174.89397
2025-11-13,P022,152,134.69862
2025-11-14,P022,124,138.94872
2025-11-15,P022,142,170.22318
2025-11-16,P022,193,138.88806
2025-11-17,P022,120,168.79689
2025-11-18,P022,174,134.15121
2025-11-19,P022,191,160.1697
2025-11-20,P022,149,167.39769
2025-11-21,P022,143,141.4235
2025-11-22,P022,161,144.42989
2025-11-23,P022,112,160.21309
2025-11-24,P022,95,113.13982
2025-11-25,P022,102,135.75967
2025-11-26,P022,112,127.16487
2025-11-27,P022,165,133.49928
2025-11-28,P022,153,148.30591
2025-11-29,P022,162,171.69292
2025-11-30,P022,178,171.9199
2025-12-01,P022,131,139.1671
2025-12-02,P022,160,139.48894
2025-12-03,P022,166,167.93391
2025-12-04,P022,167,165.10428
2025-12-05,P022,158,160.00844
2025-12-06,P022,194,163.21689
2025-12-07,P022,177,162.57016
2025-12-08,P022,202,135.06209
2025-12-09,P022,178,172.59436
2025-12-10,P022,138,154.86932
2025-12-11,P022,126,150.89201
2025-12-12,P022,125,141.5655
2025-12-13,P022,134,156.64565
2025-12-14,P022,98,154.40694
2025-12-15,P022,140,108.08191
2025-12-16,P022,171,154.1615
2025-12-17,P022,135,171.09659
2025-12-18,P022,114,145.39584
2025-12-19,P022,185,135.61581
2025-12-20,P022,171,190.02393
2025-12-21,P022,205,165.70454
2025-12-22,P022,172,192.34221
2025-12-23,P022,180,174.59865
2025-12-24,P022,148,166.01721
2025-12-25,P022,184,136.22029
2025-12-26,P022,142,165.05316
2025-12-27,P022,152,154.04257
2025-12-28,P022,145,150.0389
2025-12-29,P022,105,138.89984
2025-12-30,P022,104,144.71405
2025-11-01,P023,343,218.0396
2025-11-02,P023,211,288.42316
2025-11-03,P023,216,205.38503
2025-11-04,P023,238,220.82877
2025-11-05,P023,232,239.43689
2025-11-06,P023,213,237.55559
2025-11-07,P023,244,229.69168
2025-11-08,P023,209,213.66682
2025-11-09,P023,234,175.95226
2025-11-10,P023,172,184.08452
2025-11-11,P023,129,180.03249
2025-11-13,P023,115,175.30444
2025-11-14,P023,179,149.48842
2025-11-15,P023,237,234.35417
2025-11-16,P023,184,229.76022
2025-11-17,P023,193,191.76405
2025-11-18,P023,217,208.38171
2025-11-19,P023,198,223.43246
2025-11-20,P023,248,200.50705
2025-11-21,P023,222,244.17389
2025-11-22,P023,284,224.00221
2025-11-23,P023,251,260.94034
2025-11-24,P023,195,203.13803
2025-11-25,P023,163,190.83815
2025-11-26,P023,192,172.3779
2025-11-27,P023,190,180.24529
2025-11-28,P023,180,189.91316
2025-11-29,P023,208,241.61859
2025-11-30,P023,181,203.77844
2025-12-01,P023,146,178.32039
2025-12-02,P023,167,179.9078
2025-12-03,P023,235,190.37445
2025-12-04,P023,198,227.3916
2025-12-05,P023,230,206.83214
2025-12-06,P023,255,257.00192
2025-12-07,P023,268,246.10425
2025-12-08,P023,230,205.28252
2025-12-09,P023,202,196.167
2025-12-10,P023,182,201.65002
2025-12-11,P023,177,180.23499
2025-12-12,P023,163,182.46616
2025-12-13,P023,162,210.9963
2025-12-14,P023,167,177.53394
2025-12-15,P023,217,161.63037
2025-12-16,P023,182,198.21948
2025-12-17,P023,154,200.97719
2025-12-18,P023,218,182.24623
2025-12-19,P023,191,226.0504
2025-12-20,P023,245,236.56303
2025-12-21,P023,262,249.84401
2025-12-22,P023,267,225.22124
2025-12-23,P023,203,236.51407
2025-12-24,P023,183,203.24066
2025-12-25,P023,257,180.58205
2025-12-26,P023,182,209.73691
2025-12-27,P023,167,192.01793
2025-12-28,P023,150,176.48694
2025-12-29,P023,181,152.63539
2025-12-30,P023,169,186.07022
2025-11-01,P024,212,147.2479
2025-11-02,P024,129,184.26425
2025-11-03,P024,146,137.77501
2025-11-04,P024,129,161.275
2025-11-05,P024,168,148.78966
2025-11-06,P024,181,196.84033
2025-11-07,P024,213,225.07564
2025-11-08,P024,280,233.96999
2025-11-09,P024,290,261.62122
2025-11-10,P024,213,209.77493
2025-11-11,P024,210,192.9102
2025-11-13,P024,127,148.0806
2025-11-14,P024,98,135.58519
2025-11-15,P024,204,133.89278
2025-11-16,P024,192,180.0527
2025-11-17,P024,115,160.56738
2025-11-18,P024,138,130.83994
2025-11-19,P024,144,151.28687
2025-11-20,P024,162,159.06725
2025-11-21,P024,217,175.49237
2025-11-22,P024,272,242.248
2025-11-23,P024,284,269.37415
2025-11-24,P024,256,235.95937
2025-11-25,P024,190,229.04381
2025-11-26,P024,178,177.34302
2025-11-27,P024,130,160.72586
2025-11-28,P024,99,127.11803
2025-11-29,P024,162,152.49997
2025-11-30,P024,159,175.47435
2025-12-01,P024,152,132.00215
2025-12-02,P024,147,148.34753
2025-12-03,P024,222,155.48756
2025-12-04,P024,182,200.4311
2025-12-05,P024,187,192.57806
2025-12-06,P024,220,229.94371
2025-12-07,P024,208,243.50677
2025-12-08,P024,231,206.50067
2025-12-09,P024,214,204.87036
2025-12-10,P024,168,197.7722
2025-12-11,P024,169,158.46603
2025-12-12,P024,151,148.37909
2025-12-13,P024,115,176.44115
2025-12-14,P024,157,144.59706
2025-12-15,P024,155,149.51064
2025-12-16,P024,212,155.57045
2025-12-17,P024,249,207.68198
2025-12-18,P024,230,213.30162
2025-12-19,P024,216,217.96599
2025-12-20,P024,253,233.2777
2025-12-21,P024,203,237.16792
2025-12-22,P024,208,213.57565
2025-12-23,P024,175,218.03276
2025-12-24,P024,151,186.96523
2025-12-25,P024,196,158.54549
2025-12-26,P024,140,180.18166
2025-12-27,P024,146,147.24358
2025-12-28,P024,176,156.38852
2025-12-29,P024,170,161.84477
2025-12-30,P024,226,182.8752
2025-11-01,P025,94,68.50139
2025-11-02,P025,50,82.240105
2025-11-03,P025,61,45.080795
2025-11-04,P025,57,60.66524
2025-11-05,P025,68,64.21077
2025-11-06,P025,59,63.359753
2025-11-07,P025,54,61.506268
2025-11-08,P025,67,67.62017
2025-11-09,P025,68,69.08151
2025-11-10,P025,65,59.723747
2025-11-11,P025,59,62.271408
2025-11-13,P025,59,65.20276
2025-11-14,P025,55,58.162476
2025-11-15,P025,69,74.37483
2025-11-16,P025,62,64.611946
2025-11-17,P025,71,57.244175
2025-11-18,P025,59,64.72747
2025-11-19,P025,60,64.28761
2025-11-20,P025,68,57.979168
2025-11-21,P025,61,59.828785
2025-11-22,P025,62,66.49334
2025-11-23,P025,56,63.603252
2025-11-24,P025,54,57.37396
2025-11-25,P025,60,56.67577
2025-11-26,P025,53,64.632935
2025-11-27,P025,47,60.036316
2025-11-28,P025,54,50.584793
2025-11-29,P025,60,67.62827
2025-11-30,P025,59,57.37035
2025-12-01,P025,54,57.197025
2025-12-02,P025,62,57.32461
2025-12-03,P025,56,61.374737
2025-12-04,P025,57,58.684402
2025-12-05,P025,50,56.274986
2025-12-06,P025,58,60.30148
2025-12-07,P025,67,60.953793
2025-12-08,P025,44,55.41152
2025-12-09,P025,46,50.103535
2025-12-10,P025,46,52.206894
2025-12-11,P025,41,48.10731
2025-12-12,P025,39,47.054718
2025-12-13,P025,65,51.25695
2025-12-14,P025,67,64.91713
2025-12-15,P025,47,56.24822
2025-12-16,P025,44,53.42663
2025-12-17,P025,53,48.642025
2025-12-18,P025,44,58.942352
2025-12-19,P025,41,51.869408
2025-12-20,P025,58,51.39395
2025-12-21,P025,63,61.48648
2025-12-22,P025,48,54.382935
2025-12-23,P025,53,51.34665
2025-12-24,P025,41,59.49711
2025-12-25,P025,63,40.02693
2025-12-26,P025,50,56.156876
2025-12-27,P025,57,58.22438
2025-12-28,P025,58,60.841473
2025-12-29,P025,51,52.21534
2025-12-30,P025,44,53.07553
2025-11-01,P026,188,175.30585
2025-11-02,P026,145,185.80408
2025-11-03,P026,137,139.66031
2025-11-04,P026,136,135.85806
2025-11-05,P026,139,141.34128
2025-11-06,P026,132,146.59952
2025-11-07,P026,144,145.5067
2025-11-08,P026,223,179.58835
2025-11-09,P026,202,215.74237
2025-11-10,P026,188,172.46625
2025-11-11,P026,195,169.52962
2025-11-13,P026,191,171.34515
2025-11-14,P026,173,171.86118
2025-11-15,P026,192,192.50876
2025-11-16,P026,168,180.32933
2025-11-17,P026,117,143.86568
2025-11-18,P026,104,128.12956
2025-11-19,P026,111,123.49966
2025-11-20,P026,128,123.37001
2025-11-21,P026,140,141.3723
2025-11-22,P026,191,187.28369
2025-11-23,P026,166,192.03911
2025-11-24,P026,151,163.30937
2025-11-25,P026,220,162.6847
2025-11-26,P026,212,197.03798
2025-11-27,P026,162,196.05768
2025-11-28,P026,156,161.77298
2025-11-29,P026,196,184.26367
2025-11-30,P026,140,183.54202
2025-12-01,P026,162,120.55175
2025-12-02,P026,152,149.84297
2025-12-03,P026,142,144.19699
2025-12-04,P026,176,142.94528
2025-12-05,P026,172,159.69412
2025-12-06,P026,170,197.1941
2025-12-07,P026,143,169.65955
2025-12-08,P026,124,145.65594
2025-12-09,P026,160,156.5624
2025-12-10,P026,153,181.52213
2025-12-11,P026,161,164.44398
2025-12-12,P026,163,164.5878
2025-12-13,P026,199,192.67522
2025-12-14,P026,199,173.73561
2025-12-15,P026,168,160.9773
2025-12-16,P026,181,163.29147
2025-12-17,P026,206,165.61261
2025-12-18,P026,198,193.10103
2025-12-19,P026,126,192.79921
2025-12-20,P026,128,160.8562
2025-12-21,P026,124,141.01523
2025-12-22,P026,111,126.24943
2025-12-23,P026,192,152.54486
2025-12-24,P026,206,193.03214
2025-12-25,P026,285,186.6463
2025-12-26,P026,182,242.841
2025-12-27,P026,162,197.08752
2025-12-28,P026,154,170.8335
2025-12-29,P026,158,149.71713
2025-12-30,P026,143,171.85675
2025-11-01,P027,482,324.5241
2025-11-02,P027,296,342.25076
2025-11-03,P027,294,268.27512
2025-11-04,P027,270,276.21298
2025-11-05,P027,285,280.21185
2025-11-06,P027,333,298.58298
2025-11-07,P027,312,312.9732
2025-11-08,P027,364,346.59595
2025-11-09,P027,357,317.91656
2025-11-10,P027,304,302.05435
2025-11-11,P027,259,289.43442
2025-11-13,P027,295,320.80048
2025-11-14,P027,327,297.59924
2025-11-15,P027,370,348.2996
2025-11-16,P027,369,347.37045
2025-11-17,P027,340,313.55862
2025-11-18,P027,316,299.39206
2025-11-19,P027,317,315.41788
2025-11-20,P027,309,309.36523
2025-11-21,P027,318,328.9765
2025-11-22,P027,342,343.6718
2025-11-23,P027,308,353.08136
2025-11-24,P027,306,308.72397
2025-11-25,P027,350,301.63623
2025-11-26,P027,337,322.5343
2025-11-27,P027,370,312.39117
2025-11-28,P027,373,330.43677
2025-11-29,P027,361,375.2172
2025-11-30,P027,344,345.8589
2025-12-01,P027,271,284.06528
2025-12-02,P027,267,279.83942
2025-12-03,P027,344,300.73456
2025-12-04,P027,337,345.71805
2025-12-05,P027,319,332.89056
2025-12-06,P027,446,376.27792
2025-12-07,P027,391,357.24606
2025-12-08,P027,326,322.6508
2025-12-09,P027,304,311.30682
2025-12-10,P027,294,318.3512
2025-12-11,P027,398,309.47333
2025-12-12,P027,408,337.24008
2025-12-13,P027,431,387.20364
2025-12-14,P027,422,380.32507
2025-12-15,P027,368,345.45032
2025-12-16,P027,377,313.14554
2025-12-17,P027,281,342.62204
2025-12-18,P027,288,313.01144
2025-12-19,P027,352,321.23962
2025-12-20,P027,399,375.51852
2025-12-21,P027,434,362.43088
2025-12-22,P027,368,330.80963
2025-12-23,P027,408,345.37827
2025-12-24,P027,364,366.73026
2025-12-25,P027,427,342.7403
2025-12-26,P027,252,355.91275
2025-12-27,P027,346,356.0459
2025-12-28,P027,368,371.6246
2025-12-29,P027,347,325.83502
2025-12-30,P027,403,340.00458
2025-11-01,P028,26,31.755802
2025-11-02,P028,33,31.57868
2025-11-03,P028,59,30.661955
2025-11-04,P028,45,50.45871
2025-11-05,P028,49,51.9134
2025-11-06,P028,63,56.45879
2025-11-07,P028,68,81.82744
2025-11-08,P028,71,76.47572
2025-11-09,P028,68,72.71729
2025-11-10,P028,48,64.05177
2025-11-11,P028,44,49.02229
2025-11-13,P028,50,38.979996
2025-11-14,P028,31,40.453667
2025-11-15,P028,35,30.987297
2025-11-16,P028,72,33.755783
2025-11-17,P028,41,56.931736
2025-11-18,P028,54,43.322617
2025-11-19,P028,57,52.95881
2025-11-20,P028,44,60.512012
2025-11-21,P028,42,54.02582
2025-11-22,P028,65,55.821407
2025-11-23,P028,61,70.44984
2025-11-24,P028,54,53.815235
2025-11-25,P028,49,50.81113
2025-11-26,P028,46,46.726803
2025-11-27,P028,34,44.759758
2025-11-28,P028,26,30.297075
2025-11-29,P028,64,32.471935
2025-11-30,P028,57,62.972187
2025-12-01,P028,51,49.436314
2025-12-02,P028,55,50.345222
2025-12-03,P028,56,54.73848
2025-12-04,P028,48,53.4704
2025-12-05,P028,46,46.36255
2025-12-06,P028,53,59.03483
2025-12-07,P028,61,60.137577
2025-12-08,P028,57,50.615395
2025-12-09,P028,58,52.350494
2025-12-10,P028,52,51.35977
2025-12-11,P028,40,49.606667
2025-12-12,P028,40,35.36001
2025-12-13,P028,64,51.807964
2025-12-14,P028,51,64.62291
2025-12-15,P028,49,43.84147
2025-12-16,P028,47,52.50583
2025-12-17,P028,37,51.224373
2025-12-18,P028,51,42.48376
2025-12-19,P028,29,51.16851
2025-12-20,P028,52,44.54312
2025-12-21,P028,53,57.141003
2025-12-22,P028,41,54.911827
2025-12-23,P028,42,52.751602
2025-12-24,P028,55,54.3524
2025-12-25,P028,72,45.604153
2025-12-26,P028,66,56.616753
2025-12-27,P028,69,65.24596
2025-12-28,P028,48,57.941463
2025-12-29,P028,42,46.51462
2025-12-30,P028,44,49.89732
2025-11-01,P029,31,20.090298
2025-11-02,P029,22,23.876917
2025-11-03,P029,16,21.68823
2025-11-04,P029,18,18.770218
2025-11-05,P029,20,21.512428
2025-11-06,P029,16,22.122774
2025-11-07,P029,14,20.947033
2025-11-08,P029,31,21.807083
2025-11-09,P029,28,23.83207
2025-11-10,P029,14,23.116402
2025-11-11,P029,32,20.06926
2025-11-13,P029,18,21.42428
2025-11-14,P029,22,16.829378
2025-11-15,P029,14,24.817703
2025-11-16,P029,19,19.226416
2025-11-17,P029,17,19.438517
2025-11-18,P029,13,21.820398
2025-11-19,P029,9,20.67329
2025-11-20,P029,12,18.39458
2025-11-21,P029,24,16.08585
2025-11-22,P029,23,25.901691
2025-11-23,P029,16,22.824537
2025-11-24,P029,13,17.90024
2025-11-25,P029,17,22.167187
2025-11-26,P029,16,21.616793
2025-11-27,P029,16,20.354294
2025-11-28,P029,16,18.10869
2025-11-29,P029,20,21.446243
2025-11-30,P029,20,22.29025
2025-12-01,P029,20,17.007856
2025-12-02,P029,20,19.661278
2025-12-03,P029,23,19.2043
2025-12-04,P029,24,21.491653
2025-12-05,P029,18,21.887747
2025-12-06,P029,18,22.869183
2025-12-07,P029,10,20.17395
2025-12-08,P029,6,16.16634
2025-12-09,P029,11,19.13619
2025-12-10,P029,10,18.758614
2025-12-11,P029,17,19.714022
2025-12-12,P029,21,17.4319
2025-12-13,P029,27,23.776873
2025-12-14,P029,24,24.073547
2025-12-15,P029,22,22.448698
2025-12-16,P029,27,21.759554
2025-12-17,P029,23,23.167683
2025-12-18,P029,14,22.243073
2025-12-19,P029,22,25.443789
2025-12-20,P029,20,23.440145
2025-12-21,P029,21,18.36999
2025-12-22,P029,14,22.990679
2025-12-23,P029,13,20.499514
2025-12-24,P029,17,24.284655
2025-12-25,P029,21,12.598136
2025-12-26,P029,17,22.026243
2025-12-27,P029,29,21.31743
2025-12-28,P029,23,23.5886
2025-12-29,P029,19,24.529606
2025-12-30,P029,21,26.0266
2025-11-01,P030,282,200.15819
2025-11-02,P030,262,257.35254
2025-11-03,P030,264,211.93004
2025-11-04,P030,259,273.2702
2025-11-05,P030,276,262.8228
2025-11-06,P030,265,276.73837
2025-11-07,P030,228,266.6353
2025-11-08,P030,301,223.22066
2025-11-09,P030,239,243.62343
2025-11-10,P030,147,182.57735
2025-11-11,P030,116,141.36655
2025-11-13,P030,76,111.99174
2025-11-14,P030,141,110.40171
2025-11-15,P030,120,209.03941
2025-11-16,P030,190,179.19566
2025-11-17,P030,213,200.71219
2025-11-18,P030,234,225.53398
2025-11-19,P030,253,236.18124
2025-11-20,P030,232,256.71216
2025-11-21,P030,244,212.1693
2025-11-22,P030,283,256.7023
2025-11-23,P030,228,264.37292
2025-11-24,P030,163,185.97807
2025-11-25,P030,183,156.59656
2025-11-26,P030,154,178.28162
2025-11-27,P030,163,145.16672
2025-11-28,P030,129,161.36456
2025-11-29,P030,167,153.0834
2025-11-30,P030,181,180.96059
2025-12-01,P030,177,192.87907
2025-12-02,P030,194,208.82742
2025-12-03,P030,200,219.70847
2025-12-04,P030,189,216.95697
2025-12-05,P030,234,200.37885
2025-12-06,P030,266,273.63507
2025-12-07,P030,253,235.36551
2025-12-08,P030,176,188.69644
2025-12-09,P030,146,175.838
2025-12-10,P030,141,153.46924
2025-12-11,P030,141,148.10318
2025-12-12,P030,172,144.763
2025-12-13,P030,235,187.0456
2025-12-14,P030,249,210.46721
2025-12-15,P030,176,194.35547
2025-12-16,P030,153,189.2087
2025-12-17,P030,198,178.79591
2025-12-18,P030,202,198.95123
2025-12-19,P030,198,223.33647
2025-12-20,P030,222,243.4244
2025-12-21,P030,168,237.52058
2025-12-22,P030,164,162.97697
2025-12-23,P030,139,174.24907
2025-12-24,P030,157,155.26447
2025-12-25,P030,197,150.27075
2025-12-26,P030,142,189.43488
2025-12-27,P030,194,183.65895
2025-12-28,P030,182,204.08537
2025-12-29,P030,155,172.54321
2025-12-30,P030,198,163.55836
2025-11-01,P031,75,71.70476
2025-11-02,P031,70,73.05189
2025-11-03,P031,72,58.098248
2025-11-04,P031,61,61.067184
2025-11-05,P031,69,56.911636
2025-11-06,P031,54,67.10583
2025-11-07,P031,44,73.00502
2025-11-08,P031,84,67.76972
2025-11-09,P031,80,86.57526
2025-11-10,P031,69,80.779785
2025-11-11,P031,90,73.45929
2025-11-13,P031,76,79.83588
2025-11-14,P031,84,66.396935
2025-11-15,P031,96,80.10836
2025-11-16,P031,77,80.73995
2025-11-17,P031,64,66.417404
2025-11-18,P031,56,64.55416
2025-11-19,P031,54,60.313904
2025-11-20,P031,90,57.30781
2025-11-21,P031,61,81.291534
2025-11-22,P031,88,81.604256
2025-11-23,P031,61,84.595825
2025-11-25,P031,61,56.67393
2025-11-26,P031,53,71.71885
2025-11-27,P031,84,69.01976
2025-11-28,P031,74,78.423096
2025-11-29,P031,94,85.396736
2025-11-30,P031,87,84.35258
2025-12-01,P031,77,70.02192
2025-12-02,P031,63,67.41863
2025-12-03,P031,65,61.539883
2025-12-04,P031,67,74.624855
2025-12-05,P031,67,60.813198
2025-12-06,P031,97,84.38128
2025-12-07,P031,84,83.260056
2025-12-08,P031,65,66.11938
2025-12-09,P031,70,65.42626
2025-12-10,P031,55,65.890724
2025-12-11,P031,46,70.51514
2025-12-12,P031,67,57.39347
2025-12-13,P031,71,87.78063
2025-12-14,P031,91,78.09651
2025-12-15,P031,62,76.726204
2025-12-16,P031,69,63.61629
2025-12-17,P031,59,62.780807
2025-12-18,P031,55,64.50374
2025-12-19,P031,62,68.082596
2025-12-20,P031,89,80.14204
2025-12-21,P031,60,84.35451
2025-12-22,P031,72,58.195915
2025-12-23,P031,62,75.07533
2025-12-24,P031,64,66.230415
2025-12-25,P031,96,55.50417
2025-12-26,P031,51,83.156784
2025-12-27,P031,74,67.89678
2025-12-28,P031,67,80.742386
2025-12-29,P031,55,67.61434
2025-12-30,P031,53,65.65187
2025-11-01,P032,106,85.11866
2025-11-02,P032,83,94.14474
2025-11-03,P032,60,71.085945
2025-11-04,P032,56,61.20332
2025-11-05,P032,65,63.45099
2025-11-06,P032,69,74.45299
2025-11-07,P032,68,77.43105
2025-11-08,P032,93,77.43922
2025-11-09,P032,77,83.82546
2025-11-10,P032,66,66.85571
2025-11-11,P032,72,64.8817
2025-11-13,P032,75,67.62829
2025-11-14,P032,68,72.58342
2025-11-15,P032,84,85.35882
2025-11-16,P032,78,85.79549
2025-11-17,P032,60,67.44486
2025-11-18,P032,58,60.66219
2025-11-19,P032,77,62.459644
2025-11-20,P032,91,72.92502
2025-11-21,P032,80,82.64693
2025-11-22,P032,83,83.152405
2025-11-23,P032,79,79.921715
2025-11-25,P032,58,85.89649
2025-11-26,P032,78,68.719604
2025-11-27,P032,63,77.84932
2025-11-28,P032,70,67.43892
2025-11-29,P032,71,85.34004
2025-11-30,P032,87,78.16473
2025-12-01,P032,69,73.09223
2025-12-02,P032,58,60.661083
2025-12-03,P032,86,68.1906
2025-12-04,P032,88,85.840164
2025-12-05,P032,74,80.03211
2025-12-06,P032,71,86.05465
2025-12-07,P032,73,76.23592
2025-12-08,P032,60,75.67906
2025-12-09,P032,59,60.777336
2025-12-10,P032,65,68.39447
2025-12-11,P032,60,71.219315
2025-12-12,P032,79,63.84051
2025-12-13,P032,88,79.24089
2025-12-14,P032,82,83.2883
2025-12-15,P032,62,67.00331
2025-12-16,P032,66,58.947823
2025-12-17,P032,71,75.7393
2025-12-18,P032,54,79.31457
2025-12-19,P032,59,72.205414
2025-12-20,P032,93,72.05773
2025-12-21,P032,76,83.238014
2025-12-22,P032,64,71.12997
2025-12-23,P032,66,68.11862
2025-12-24,P032,55,78.263145
2025-12-25,P032,85,53.53726
2025-12-26,P032,84,78.94649
2025-12-27,P032,78,87.14735
2025-12-28,P032,77,81.56356
2025-12-29,P032,75,69.11692
2025-12-30,P032,65,73.97724
2025-11-01,P033,59,42.596687
2025-11-02,P033,44,50.910614
2025-11-03,P033,28,43.580433
2025-11-04,P033,42,35.90009
2025-11-05,P033,33,41.832653
2025-11-06,P033,55,27.956083
2025-11-07,P033,26,48.5495
2025-11-08,P033,40,30.462406
2025-11-09,P033,42,40.14723
2025-11-10,P033,43,39.523563
2025-11-11,P033,32,41.40909
2025-11-13,P033,49,38.39174
2025-11-14,P033,49,41.127956
2025-11-15,P033,67,54.424152
2025-11-16,P033,55,54.399826
2025-11-17,P033,34,46.073147
2025-11-18,P033,23,38.233276
2025-11-19,P033,25,29.147804
2025-11-20,P033,24,37.55667
2025-11-21,P033,28,31.132113
2025-11-22,P033,54,33.98681
2025-11-23,P033,38,48.989468
2025-11-25,P033,36,38.6393
2025-11-26,P033,33,40.360924
2025-11-27,P033,59,38.79627
2025-11-28,P033,38,48.931953
2025-11-29,P033,61,52.103085
2025-11-30,P033,62,54.95689
2025-12-01,P033,48,46.736416
2025-12-02,P033,46,39.736553
2025-12-03,P033,31,37.16399
2025-12-04,P033,24,34.886036
2025-12-05,P033,28,26.29784
2025-12-06,P033,36,42.379765
2025-12-07,P033,48,39.45422
2025-12-08,P033,41,41.627377
2025-12-09,P033,39,39.803066
2025-12-10,P033,47,35.97166
2025-12-11,P033,46,50.578636
2025-12-12,P033,36,40.600777
2025-12-13,P033,39,52.25884
2025-12-14,P033,40,50.14567
2025-12-15,P033,36,39.959408
2025-12-16,P033,50,36.55299
2025-12-17,P033,38,41.303867
2025-12-18,P033,23,34.027866
2025-12-19,P033,32,32.512585
2025-12-20,P033,58,38.135307
2025-12-21,P033,49,51.709435
2025-12-22,P033,44,46.37698
2025-12-23,P033,40,47.33471
2025-12-24,P033,37,50.615276
2025-12-25,P033,55,36.382065
2025-12-26,P033,31,47.80777
2025-12-27,P033,55,39.810047
2025-12-28,P033,37,51.6783
2025-12-29,P033,30,40.900738
2025-12-30,P033,37,44.469334
2025-11-01,P034,141,105.65927
2025-11-02,P034,113,122.30428
2025-11-03,P034,87,85.97743
2025-11-04,P034,109,82.23135
2025-11-05,P034,109,100.61202
2025-11-06,P034,95,111.75402
2025-11-07,P034,124,123.39007
2025-11-08,P034,154,147.09346
2025-11-09,P034,131,149.25473
2025-11-10,P034,142,113.5294
2025-11-11,P034,117,134.16763
2025-11-13,P034,93,110.53257
2025-11-14,P034,92,99.45192
2025-11-15,P034,87,117.224785
2025-11-16,P034,123,98.15887
2025-11-17,P034,111,102.259445
2025-11-18,P034,139,104.514465
2025-11-19,P034,142,123.09137
2025-11-20,P034,127,125.0576
2025-11-21,P034,125,129.91196
2025-11-22,P034,143,147.88423
2025-11-23,P034,98,135.42996
2025-11-25,P034,88,112.87712
2025-11-26,P034,105,106.43433
2025-11-27,P034,147,105.49882
2025-11-28,P034,98,126.633644
2025-11-29,P034,112,106.08785
2025-11-30,P034,127,113.68167
2025-12-01,P034,121,105.028305
2025-12-02,P034,116,126.19988
2025-12-03,P034,107,125.50084
2025-12-04,P034,104,118.15451
2025-12-05,P034,102,112.49417
2025-12-06,P034,103,129.88326
2025-12-07,P034,134,111.956345
2025-12-08,P034,128,113.25496
2025-12-09,P034,122,115.587166
2025-12-10,P034,100,117.921585
2025-12-11,P034,80,115.74759
2025-12-12,P034,113,86.97166
2025-12-13,P034,134,107.52285
2025-12-14,P034,122,129.29002
2025-12-15,P034,112,115.46561
2025-12-16,P034,102,118.33744
2025-12-17,P034,111,109.666794
2025-12-18,P034,109,110.70041
2025-12-19,P034,81,117.420105
2025-12-20,P034,100,102.41604
2025-12-21,P034,128,110.45708
2025-12-22,P034,87,122.64571
2025-12-23,P034,110,102.74407
2025-12-24,P034,125,116.95573
2025-12-25,P034,142,104.759544
2025-12-26,P034,114,129.1609
2025-12-27,P034,80,122.635826
2025-12-28,P034,111,101.69632
2025-12-29,P034,130,108.24703
2025-12-30,P034,112,122.45986
2025-11-01,P035,114,68.613335
2025-11-02,P035,58,99.90087
2025-11-03,P035,61,51.754414
2025-11-04,P035,52,58.051704
2025-11-05,P035,61,55.918026
2025-11-06,P035,71,72.04859
2025-11-07,P035,58,78.67202
2025-11-08,P035,110,78.110435
2025-11-09,P035,79,109.27449
2025-11-10,P035,81,71.634796
2025-11-11,P035,80,72.76237
2025-11-13,P035,70,77.80571
2025-11-14,P035,71,61.747894
2025-11-15,P035,60,90.72515
2025-11-16,P035,56,61.443905
2025-11-17,P035,69,56.7541
2025-11-18,P035,57,63.979008
2025-11-19,P035,63,61.863895
2025-11-20,P035,67,72.362885
2025-11-21,P035,49,66.93855
2025-11-22,P035,115,73.04694
2025-11-23,P035,95,101.74544
2025-11-25,P035,77,65.970825
2025-11-26,P035,84,78.22117
2025-11-27,P035,77,76.51897
2025-11-28,P035,63,66.2978
2025-11-29,P035,55,76.234825
2025-11-30,P035,52,60.61729
2025-12-01,P035,69,57.43871
2025-12-02,P035,49,65.268875
2025-12-03,P035,60,60.263573
2025-12-04,P035,79,66.5872
2025-12-05,P035,77,64.1239
2025-12-06,P035,73,96.587555
2025-12-07,P035,111,80.3727
2025-12-08,P035,104,83.69106
2025-12-09,P035,86,87.8151
2025-12-10,P035,81,84.83859
2025-12-11,P035,59,79.71349
2025-12-12,P035,58,63.78592
2025-12-13,P035,60,61.273968
2025-12-14,P035,53,58.043564
2025-12-15,P035,54,60.913464
2025-12-16,P035,90,56.194283
2025-12-17,P035,74,79.16116
2025-12-18,P035,102,76.13383
2025-12-19,P035,108,90.08697
2025-12-20,P035,152,99.954926
2025-12-21,P035,86,131.40721
2025-12-22,P035,61,84.39604
2025-12-23,P035,69,78.52397
2025-12-24,P035,60,84.128944
2025-12-25,P035,66,61.092384
2025-12-26,P035,37,68.86806
2025-12-27,P035,44,47.151237
2025-12-28,P035,43,50.586864
2025-12-29,P035,73,50.969856
2025-12-30,P035,84,80.74312
2025-11-01,P036,337,237.44188
2025-11-02,P036,235,297.57812
2025-11-03,P036,215,212.55984
2025-11-04,P036,221,210.80775
2025-11-05,P036,194,211.0817
2025-11-06,P036,210,210.43494
2025-11-07,P036,206,241.8736
2025-11-08,P036,239,253.3784
2025-11-09,P036,202,228.69281
2025-11-10,P036,188,183.24835
2025-11-11,P036,172,197.0498
2025-11-13,P036,175,214.5802
2025-11-14,P036,171,190.4324
2025-11-15,P036,250,227.30879
2025-11-16,P036,218,235.36507
2025-11-17,P036,181,204.03749
2025-11-18,P036,195,196.5746
2025-11-19,P036,192,193.29114
2025-11-20,P036,189,194.68077
2025-11-21,P036,176,193.88869
2025-11-22,P036,226,221.91635
2025-11-23,P036,202,215.81857
2025-11-25,P036,183,181.86354
2025-11-26,P036,178,190.88818
2025-11-27,P036,182,184.35742
2025-11-28,P036,175,179.80222
2025-11-29,P036,211,215.45715
2025-11-30,P036,201,215.90721
2025-12-01,P036,207,176.31418
2025-12-02,P036,164,205.06424
2025-12-03,P036,164,179.564
2025-12-04,P036,192,177.35649
2025-12-05,P036,193,188.11195
2025-12-06,P036,215,226.97104
2025-12-07,P036,204,204.77797
2025-12-08,P036,150,178.74904
2025-12-09,P036,196,164.90475
2025-12-10,P036,178,192.0855
2025-12-11,P036,165,182.44734
2025-12-12,P036,159,173.23763
2025-12-13,P036,187,203.3983
2025-12-14,P036,215,191.01733
2025-12-15,P036,177,197.35078
2025-12-16,P036,152,179.81256
2025-12-17,P036,181,167.04715
2025-12-18,P036,192,183.61375
2025-12-19,P036,186,195.16206
2025-12-20,P036,193,213.29297
2025-12-21,P036,202,198.63565
2025-12-22,P036,164,173.40775
2025-12-23,P036,192,185.25124
2025-12-24,P036,170,198.87631
2025-12-25,P036,239,170.87862
2025-12-26,P036,169,211.52567
2025-12-27,P036,202,187.20891
2025-12-28,P036,245,204.80128
2025-12-29,P036,153,206.35594
2025-12-30,P036,214,163.88742
2025-11-01,P037,387,101.98962
2025-11-02,P037,233,269.01434
2025-11-03,P037,304,229.96791
2025-11-04,P037,285,284.7984
2025-11-05,P037,286,280.39606
2025-11-06,P037,269,291.58832
2025-11-07,P037,205,286.0083
2025-11-08,P037,211,300.5947
2025-11-09,P037,153,218.53238
2025-11-10,P037,121,147.54037
2025-11-11,P037,141,137.58655
2025-11-13,P037,170,177.18843
2025-11-14,P037,235,148.55156
2025-11-15,P037,242,267.9007
2025-11-16,P037,236,231.29443
2025-11-17,P037,232,240.9386
2025-11-18,P037,218,249.35475
2025-11-19,P037,242,237.59497
2025-11-20,P037,220,241.81783
2025-11-21,P037,182,213.62605
2025-11-22,P037,177,213.79314
2025-11-23,P037,153,181.77548
2025-11-25,P037,216,168.4069
2025-11-26,P037,250,210.45633
2025-11-27,P037,260,209.86691
2025-11-28,P037,257,235.17348
2025-11-29,P037,233,259.67722
2025-11-30,P037,245,225.30745
2025-12-01,P037,194,218.42076
2025-12-02,P037,182,213.80154
2025-12-03,P037,201,217.92511
2025-12-04,P037,130,226.26196
2025-12-05,P037,126,158.183
2025-12-06,P037,170,164.5404
2025-12-07,P037,258,170.85648
2025-12-08,P037,226,193.99425
2025-12-09,P037,231,214.86075
2025-12-10,P037,272,227.16484
2025-12-11,P037,328,257.08487
2025-12-12,P037,232,282.2182
2025-12-13,P037,222,239.477
2025-12-14,P037,197,231.78352
2025-12-15,P037,104,193.07964
2025-12-16,P037,133,156.47649
2025-12-17,P037,163,171.64708
2025-12-18,P037,177,170.36577
2025-12-19,P037,142,174.86775
2025-12-20,P037,240,170.95216
2025-12-21,P037,271,250.29155
2025-12-22,P037,240,229.9458
2025-12-23,P037,218,240.90144
2025-12-24,P037,235,256.08783
2025-12-25,P037,273,253.9647
2025-12-26,P037,140,251.66629
2025-12-27,P037,204,187.91086
2025-12-28,P037,163,217.32343
2025-12-29,P037,128,151.15088
2025-12-30,P037,184,148.6373
2025-11-01,P038,112,93.86239
2025-11-02,P038,79,114.08519
2025-11-03,P038,79,87.050835
2025-11-04,P038,70,91.335724
2025-11-05,P038,79,92.04526
2025-11-06,P038,94,98.96757
2025-11-07,P038,113,126.616196
2025-11-08,P038,136,130.47774
2025-11-09,P038,148,131.99942
2025-11-10,P038,120,122.90047
2025-11-11,P038,110,112.42388
2025-11-13,P038,114,103.1067
2025-11-14,P038,95,92.69208
2025-11-15,P038,124,104.13886
2025-11-16,P038,72,107.81137
2025-11-17,P038,65,77.20677
2025-11-18,P038,77,74.88073
2025-11-19,P038,86,84.44727
2025-11-20,P038,90,96.74862
2025-11-21,P038,87,101.68353
2025-11-22,P038,118,111.58603
2025-11-23,P038,111,128.2046
2025-11-25,P038,97,106.445786
2025-11-26,P038,120,103.19432
2025-11-27,P038,109,116.03055
2025-11-28,P038,110,95.18538
2025-11-29,P038,110,121.26253
2025-11-30,P038,94,93.11899
2025-12-01,P038,102,78.744194
2025-12-02,P038,91,89.709816
2025-12-03,P038,78,90.55998
2025-12-04,P038,80,89.54864
2025-12-05,P038,97,87.84405
2025-12-06,P038,120,115.51289
2025-12-07,P038,92,118.13995
2025-12-08,P038,99,95.99313
2025-12-09,P038,106,95.92403
2025-12-10,P038,93,113.72511
2025-12-11,P038,149,99.17954
2025-12-12,P038,122,131.16246
2025-12-13,P038,132,128.39563
2025-12-14,P038,134,106.90516
2025-12-15,P038,88,103.57927
2025-12-16,P038,84,88.688705
2025-12-17,P038,68,82.174065
2025-12-18,P038,93,77.390495
2025-12-19,P038,90,101.16466
2025-12-20,P038,109,110.12824
2025-12-21,P038,79,110.92134
2025-12-22,P038,82,87.00535
2025-12-23,P038,121,94.0756
2025-12-24,P038,99,120.68563
2025-12-25,P038,138,109.39256
2025-12-26,P038,91,129.4326
2025-12-27,P038,118,111.25769
2025-12-28,P038,104,117.75471
2025-12-29,P038,91,94.712685
2025-12-30,P038,81,95.50743
2025-11-01,P039,157,85.49414
2025-11-02,P039,88,134.39447
2025-11-03,P039,81,76.96061
2025-11-04,P039,76,70.449455
2025-11-05,P039,87,73.29805
2025-11-06,P039,80,83.03225
2025-11-07,P039,63,88.00746
2025-11-08,P039,59,89.95314
2025-11-09,P039,60,79.16758
2025-11-10,P039,70,60.115623
2025-11-11,P039,84,65.44647
2025-11-13,P039,86,80.60218
2025-11-14,P039,65,79.15033
2025-11-15,P039,85,87.18303
2025-11-16,P039,83,86.31651
2025-11-17,P039,68,76.75331
2025-11-18,P039,67,72.14615
2025-11-19,P039,64,75.68079
2025-11-20,P039,72,74.03595
2025-11-21,P039,50,71.89592
2025-11-22,P039,83,61.887993
2025-11-23,P039,84,77.94619
2025-11-25,P039,77,74.43721
2025-11-26,P039,88,78.32311
2025-11-27,P039,79,84.188255
2025-11-28,P039,94,71.483604
2025-11-29,P039,84,100.221756
2025-11-30,P039,72,84.11518
2025-12-01,P039,64,67.50568
2025-12-02,P039,53,69.50322
2025-12-03,P039,61,66.569885
2025-12-04,P039,75,70.184784
2025-12-05,P039,75,67.859566
2025-12-06,P039,82,82.17553
2025-12-07,P039,84,80.10044
2025-12-08,P039,63,70.141174
2025-12-09,P039,75,70.321754
2025-12-10,P039,63,81.333824
2025-12-11,P039,74,74.47449
2025-12-12,P039,73,77.4823
2025-12-13,P039,94,86.06658
2025-12-14,P039,93,83.6354
2025-12-15,P039,73,75.54221
2025-12-16,P039,62,67.50183
2025-12-17,P039,57,61.977768
2025-12-18,P039,72,66.561295
2025-12-19,P039,92,74.69562
2025-12-20,P039,93,89.536476
2025-12-21,P039,76,87.6692
2025-12-22,P039,67,71.470245
2025-12-23,P039,79,73.909996
2025-12-24,P039,49,81.22418
2025-12-25,P039,96,56.829906
2025-12-26,P039,67,86.534805
2025-12-27,P039,89,83.96143
2025-12-28,P039,66,86.54745
2025-12-29,P039,65,67.93985
2025-12-30,P039,53,70.45905
2025-11-01,P040,285,179.54362
2025-11-02,P040,257,268.56073
2025-11-03,P040,199,225.80634
2025-11-04,P040,216,201.13715
2025-11-05,P040,237,220.52002
2025-11-06,P040,246,244.50826
2025-11-07,P040,254,260.40152
2025-11-08,P040,303,277.51315
2025-11-09,P040,209,274.3483
2025-11-10,P040,228,191.79471
2025-11-11,P040,182,205.41801
2025-11-13,P040,138,163.89548
2025-11-14,P040,117,145.5709
2025-11-15,P040,167,206.9592
2025-11-16,P040,235,201.56488
2025-11-17,P040,207,216.40129
2025-11-18,P040,200,211.72816
2025-11-19,P040,205,219.7856
2025-11-20,P040,215,223.27754
2025-11-21,P040,244,206.35605
2025-11-22,P040,268,263.2058
2025-11-23,P040,261,246.1982
2025-11-25,P040,198,194.50197
2025-11-26,P040,209,193.24649
2025-11-27,P040,218,184.88893
2025-11-28,P040,203,184.37631
2025-11-29,P040,181,219.41646
2025-11-30,P040,159,206.76215
2025-12-01,P040,118,176.83578
2025-12-02,P040,150,161.91568
2025-12-03,P040,235,181.3023
2025-12-04,P040,232,222.8344
2025-12-05,P040,206,227.7097
2025-12-06,P040,299,252.14919
2025-12-07,P040,279,262.512
2025-12-08,P040,198,217.89972
2025-12-09,P040,209,194.567
2025-12-10,P040,176,211.59482
2025-12-11,P040,139,190.63205
2025-12-12,P040,173,152.66151
2025-12-13,P040,198,189.66296
2025-12-14,P040,166,196.77605
2025-12-15,P040,210,147.54222
2025-12-16,P040,260,188.26877
2025-12-17,P040,184,241.03003
2025-12-18,P040,177,198.76982
2025-12-19,P040,199,201.95303
2025-12-20,P040,226,245.89108
2025-12-21,P040,272,246.52737
2025-12-22,P040,225,214.34183
2025-12-23,P040,171,236.41005
2025-12-24,P040,149,186.414
2025-12-25,P040,210,155.73999
2025-12-26,P040,177,199.29813
2025-12-27,P040,229,199.821
2025-12-28,P040,259,199.61006
2025-12-29,P040,186,223.02228
2025-12-30,P040,202,200.3065
2025-11-01,P041,221,174.00586
2025-11-02,P041,193,216.281
2025-11-03,P041,162,163.73946
2025-11-04,P041,175,162.85924
2025-11-05,P041,166,156.53082
2025-11-06,P041,157,160.27126
2025-11-07,P041,152,181.12134
2025-11-08,P041,164,179.64764
2025-11-09,P041,151,175.6502
2025-11-10,P041,173,155.589
2025-11-11,P041,143,169.85825
2025-11-13,P041,171,157.32664
2025-11-14,P041,178,154.16537
2025-11-15,P041,303,206.75063
2025-11-16,P041,293,254.16556
2025-11-17,P041,159,211.60118
2025-11-18,P041,162,161.87048
2025-11-19,P041,93,158.64366
2025-11-20,P041,116,126.45699
2025-11-21,P041,166,145.5608
2025-11-22,P041,182,183.74744
2025-11-23,P041,224,173.68062
2025-11-25,P041,180,203.31607
2025-11-26,P041,206,164.25023
2025-11-27,P041,196,194.07521
2025-11-28,P041,188,185.56688
2025-11-29,P041,166,221.39061
2025-11-30,P041,130,202.80714
2025-12-01,P041,79,145.27365
2025-12-02,P041,131,119.01235
2025-12-03,P041,177,127.17902
2025-12-04,P041,177,161.86092
2025-12-05,P041,202,173.06259
2025-12-07,P041,214,219.01492
2025-12-08,P041,188,207.91722
2025-12-09,P041,187,175.6668
2025-12-10,P041,145,185.45773
2025-12-11,P041,144,168.56892
2025-12-12,P041,100,167.45343
2025-12-13,P041,116,158.74716
2025-12-14,P041,169,132.91563
2025-12-15,P041,164,131.65343
2025-12-16,P041,166,160.77072
2025-12-17,P041,140,166.42305
2025-12-18,P041,184,146.7805
2025-12-19,P041,162,186.52977
2025-12-20,P041,157,199.0346
2025-12-21,P041,174,184.55605
2025-12-22,P041,138,176.71083
2025-12-23,P041,141,168.73528
2025-12-24,P041,192,158.97028
2025-12-25,P041,214,180.98329
2025-12-26,P041,142,180.19252
2025-12-27,P041,166,146.27576
2025-12-28,P041,169,168.41768
2025-12-29,P041,183,153.66818
2025-12-30,P041,167,175.62581
2025-11-01,P042,259,135.46779
2025-11-02,P042,183,183.33101
2025-11-03,P042,137,138.62907
2025-11-04,P042,102,125.86489
2025-11-05,P042,82,106.97349
2025-11-06,P042,86,109.08395
2025-11-07,P042,69,122.13108
2025-11-08,P042,77,116.94192
2025-11-09,P042,116,107.216446
2025-11-10,P042,126,109.27499
2025-11-11,P042,150,127.45309
2025-11-13,P042,137,121.68032
2025-11-14,P042,144,132.43459
2025-11-15,P042,194,172.94334
2025-11-16,P042,190,180.53433
2025-11-17,P042,143,146.21594
2025-11-18,P042,156,132.36574
2025-11-19,P042,159,134.27448
2025-11-20,P042,142,138.35098
2025-11-21,P042,106,141.73811
2025-11-22,P042,106,112.35834
2025-11-23,P042,97,117.204765
2025-11-25,P042,90,100.03611
2025-11-26,P042,120,107.58514
2025-11-27,P042,132,130.46214
2025-11-28,P042,124,133.433
2025-11-29,P042,145,158.80255
2025-11-30,P042,180,161.6696
2025-12-01,P042,212,145.5879
2025-12-02,P042,175,180.6663
2025-12-03,P042,160,162.80923
2025-12-04,P042,171,149.03888
2025-12-05,P042,176,139.04344
2025-12-07,P042,161,140.69247
2025-12-08,P042,123,129.63248
2025-12-09,P042,77,122.39549
2025-12-10,P042,63,100.465996
2025-12-11,P042,55,100.502884
2025-12-12,P042,105,90.103806
2025-12-13,P042,144,144.50383
2025-12-14,P042,199,163.53453
2025-12-15,P042,156,176.46733
2025-12-16,P042,158,162.11601
2025-12-17,P042,163,155.51817
2025-12-18,P042,149,164.84122
2025-12-19,P042,134,160.18378
2025-12-20,P042,132,143.01971
2025-12-21,P042,169,145.89322
2025-12-22,P042,137,141.57123
2025-12-23,P042,141,127.4699
2025-12-24,P042,150,137.42831
2025-12-25,P042,232,131.2028
2025-12-26,P042,120,182.0225
2025-12-27,P042,107,138.95175
2025-12-28,P042,147,150.63745
2025-12-29,P042,114,145.69373
2025-12-30,P042,121,141.2118
2025-11-01,P043,210,147.82904
2025-11-02,P043,206,189.32123
2025-11-03,P043,229,180.86998
2025-11-04,P043,286,213.83743
2025-11-05,P043,219,273.81476
2025-11-06,P043,213,242.749
2025-11-07,P043,218,235.58035
2025-11-08,P043,289,238.25719
2025-11-09,P043,233,285.05008
2025-11-10,P043,214,216.029
2025-11-11,P043,188,233.59885
2025-11-13,P043,189,171.29002
2025-11-14,P043,202,163.81929
2025-11-15,P043,194,215.12088
2025-11-16,P043,215,196.94157
2025-11-17,P043,204,211.74164
2025-11-18,P043,217,224.14058
2025-11-19,P043,194,221.37369
2025-11-20,P043,248,202.65793
2025-11-21,P043,238,224.37599
2025-11-22,P043,206,261.17993
2025-11-23,P043,238,203.71532
2025-11-25,P043,232,215.7493
2025-11-26,P043,204,204.7572
2025-11-27,P043,192,204.27147
2025-11-28,P043,236,188.58195
2025-11-29,P043,155,226.65886
2025-11-30,P043,179,175.59889
2025-12-01,P043,165,192.67455
2025-12-02,P043,187,198.09105
2025-12-03,P043,213,191.8439
2025-12-04,P043,197,216.23172
2025-12-05,P043,204,206.5428
2025-12-07,P043,285,239.15984
2025-12-08,P043,232,238.91403
2025-12-09,P043,221,219.14688
2025-12-10,P043,219,210.89307
2025-12-11,P043,235,205.70988
2025-12-12,P043,162,215.79277
2025-12-13,P043,148,183.483
2025-12-14,P043,171,169.68306
2025-12-15,P043,153,164.16878
2025-12-16,P043,174,175.92648
2025-12-17,P043,210,190.17769
2025-12-18,P043,186,219.67816
2025-12-19,P043,208,203.50563
2025-12-20,P043,247,238.62256
2025-12-21,P043,229,252.78453
2025-12-22,P043,253,217.27106
2025-12-23,P043,218,255.17697
2025-12-24,P043,219,228.01189
2025-12-25,P043,285,223.03139
2025-12-26,P043,145,223.38814
2025-12-27,P043,155,163.07458
2025-12-28,P043,137,170.03831
2025-12-29,P043,144,138.84198
2025-12-30,P043,176,168.7011
2025-11-01,P044,197,140.09483
2025-11-02,P044,98,169.43022
2025-11-03,P044,83,97.06824
2025-11-04,P044,106,101.512
2025-11-05,P044,118,126.55366
2025-11-06,P044,121,132.91125
2025-11-07,P044,159,146.13994
2025-11-08,P044,199,178.10924
2025-11-09,P044,200,182.00359
2025-11-10,P044,120,157.98224
2025-11-11,P044,105,126.22857
2025-11-13,P044,93,119.29191
2025-11-14,P044,92,110.70925
2025-11-15,P044,145,138.51256
2025-11-16,P044,166,137.32626
2025-11-17,P044,98,131.32793
2025-11-18,P044,120,103.047264
2025-11-19,P044,137,126.549416
2025-11-20,P044,106,131.62312
2025-11-21,P044,117,135.12097
2025-11-22,P044,146,152.94093
2025-11-23,P044,130,161.9356
2025-11-25,P044,190,132.40529
2025-11-26,P044,137,160.14517
2025-11-27,P044,120,121.18469
2025-11-28,P044,123,115.31947
2025-11-29,P044,129,151.27191
2025-11-30,P044,141,136.70206
2025-12-01,P044,98,117.91592
2025-12-02,P044,133,110.938644
2025-12-03,P044,120,132.14587
2025-12-04,P044,103,120.597565
2025-12-05,P044,141,114.37162
2025-12-07,P044,136,149.45605
2025-12-08,P044,126,125.0771
2025-12-09,P044,154,136.5275
2025-12-10,P044,150,140.1507
2025-12-11,P044,144,133.93425
2025-12-12,P044,134,131.58156
2025-12-13,P044,140,145.95486
2025-12-14,P044,137,139.75264
2025-12-15,P044,114,113.962074
2025-12-16,P044,76,127.76984
2025-12-17,P044,69,101.70217
2025-12-18,P044,115,88.016396
2025-12-19,P044,114,130.48593
2025-12-20,P044,178,135.60803
2025-12-21,P044,173,155.51385
2025-12-22,P044,124,142.8145
2025-12-23,P044,118,149.34854
2025-12-24,P044,118,138.75804
2025-12-25,P044,157,124.05409
2025-12-26,P044,115,141.54074
2025-12-27,P044,151,138.94885
2025-12-28,P044,183,144.19777
2025-12-29,P044,141,140.03027
2025-12-30,P044,123,128.41882
2025-11-01,P045,237,180.6668
2025-11-02,P045,154,194.87308
2025-11-03,P045,180,128.827
2025-11-04,P045,181,177.46509
2025-11-05,P045,183,187.31927
2025-11-06,P045,185,194.35739
2025-11-07,P045,179,209.38948
2025-11-08,P045,226,215.0744
2025-11-09,P045,228,200.0918
2025-11-10,P045,194,175.67249
2025-11-11,P045,155,176.42159
2025-11-13,P045,111,167.68486
2025-11-14,P045,118,143.94423
2025-11-15,P045,134,173.23422
2025-11-16,P045,198,148.6678
2025-11-17,P045,203,172.54576
2025-11-18,P045,215,193.83226
2025-11-19,P045,193,196.7624
2025-11-20,P045,188,184.01004
2025-11-21,P045,223,180.5022
2025-11-22,P045,237,225.48218
2025-11-23,P045,212,234.50862
2025-11-25,P045,204,185.26201
2025-11-26,P045,162,189.00224
2025-11-27,P045,129,156.45647
2025-11-28,P045,121,136.46759
2025-11-29,P045,152,146.08644
2025-11-30,P045,192,169.96689
2025-12-01,P045,159,180.12608
2025-12-02,P045,185,177.77672
2025-12-03,P045,228,186.6862
2025-12-04,P045,205,207.11154
2025-12-05,P045,212,208.33385
2025-12-07,P045,224,223.3261
2025-12-08,P045,161,195.6643
2025-12-09,P045,140,177.38182
2025-12-10,P045,216,154.77708
2025-12-11,P045,196,179.50945
2025-12-12,P045,206,170.59723
2025-12-13,P045,198,201.4061
2025-12-14,P045,158,195.05031
2025-12-15,P045,149,158.64543
2025-12-16,P045,171,166.0803
2025-12-17,P045,184,195.48814
2025-12-18,P045,221,192.8154
2025-12-19,P045,220,223.82411
2025-12-20,P045,234,237.11484
2025-12-21,P045,204,222.44698
2025-12-22,P045,137,174.87889
2025-12-23,P045,169,155.94344
2025-12-24,P045,164,187.72893
2025-12-25,P045,266,175.08727
2025-12-26,P045,163,226.70021
2025-12-27,P045,220,189.1943
2025-12-28,P045,227,197.79059
2025-12-29,P045,184,185.85562
2025-12-30,P045,158,186.1641
2025-11-01,P046,184,118.92692
2025-11-02,P046,129,152.65297
2025-11-03,P046,83,114.14307
2025-11-04,P046,113,94.64728
2025-11-05,P046,108,96.99351
2025-11-06,P046,87,101.60472
2025-11-07,P046,96,109.4415
2025-11-08,P046,146,108.674446
2025-11-09,P046,124,135.48564
2025-11-10,P046,110,110.690994
2025-11-11,P046,116,113.60169
2025-11-13,P046,84,101.717896
2025-11-14,P046,100,87.5815
2025-11-15,P046,99,131.23895
2025-11-16,P046,106,111.23278
2025-11-17,P046,120,97.3499
2025-11-18,P046,97,118.24072
2025-11-19,P046,138,92.69999
2025-11-20,P046,95,115.55729
2025-11-21,P046,101,100.21504
2025-11-22,P046,94,120.46787
2025-11-23,P046,132,112.78228
2025-11-25,P046,117,116.603806
2025-11-26,P046,89,116.349396
2025-11-27,P046,100,91.18263
2025-11-28,P046,119,94.239105
2025-11-29,P046,118,125.55721
2025-11-30,P046,125,121.66115
2025-12-01,P046,106,111.03
2025-12-02,P046,118,107.85882
2025-12-03,P046,87,123.59504
2025-12-04,P046,99,90.48805
2025-12-05,P046,115,97.630226
2025-12-07,P046,150,117.54712
2025-12-08,P046,130,125.03095
2025-12-09,P046,98,123.967155
2025-12-10,P046,83,94.450325
2025-12-11,P046,63,88.68666
2025-12-12,P046,54,91.108025
2025-12-13,P046,79,93.0603
2025-12-14,P046,137,98.81333
2025-12-15,P046,145,115.943245
2025-12-16,P046,105,131.54044
2025-12-17,P046,122,104.973724
2025-12-18,P046,116,110.24677
2025-12-19,P046,98,117.68825
2025-12-20,P046,118,97.67448
2025-12-21,P046,96,132.07127
2025-12-22,P046,87,108.909065
2025-12-23,P046,111,100.44921
2025-12-24,P046,84,110.70156
2025-12-25,P046,97,80.18321
2025-12-26,P046,75,90.15435
2025-12-27,P046,73,86.556076
2025-12-28,P046,101,94.58826
2025-12-29,P046,76,113.4032
2025-12-30,P046,104,95.96199
2025-11-01,P047,156,100.28137
2025-11-02,P047,120,134.07901
2025-11-03,P047,123,108.8363
2025-11-04,P047,108,120.09509
2025-11-05,P047,109,114.606926
2025-11-06,P047,136,109.24671
2025-11-07,P047,130,140.09726
2025-11-08,P047,134,122.84168
2025-11-09,P047,98,104.6305
2025-11-10,P047,67,81.43443
2025-11-11,P047,67,67.221954
2025-11-13,P047,36,69.40564
2025-11-14,P047,72,65.846596
2025-11-15,P047,110,102.87115
2025-11-16,P047,133,108.018555
2025-11-17,P047,119,117.14359
2025-11-18,P047,114,114.99151
2025-11-19,P047,117,111.92905
2025-11-20,P047,127,117.159325
2025-11-21,P047,129,128.98854
2025-11-22,P047,127,127.86211
2025-11-23,P047,104,118.88387
2025-11-25,P047,70,78.30712
2025-11-26,P047,75,65.80988
2025-11-27,P047,72,71.22939
2025-11-28,P047,92,77.66348
2025-11-29,P047,77,115.10195
2025-11-30,P047,88,98.609116
2025-12-01,P047,108,97.78533
2025-12-02,P047,121,107.961334
2025-12-03,P047,103,117.342636
2025-12-04,P047,86,115.48372
2025-12-05,P047,98,103.254265
2025-12-07,P047,118,103.516335
2025-12-08,P047,105,93.255974
2025-12-09,P047,96,92.656364
2025-12-10,P047,119,85.06104
2025-12-11,P047,95,93.770134
2025-12-12,P047,80,88.48786
2025-12-13,P047,82,88.57344
2025-12-14,P047,76,93.29977
2025-12-15,P047,85,88.289505
2025-12-16,P047,81,95.85145
2025-12-17,P047,94,95.37535
2025-12-18,P047,103,95.14303
2025-12-19,P047,70,112.89453
2025-12-20,P047,98,95.87455
2025-12-21,P047,105,99.061935
2025-12-22,P047,101,95.73767
2025-12-23,P047,106,96.351944
2025-12-24,P047,111,113.604546
2025-12-25,P047,199,95.87972
2025-12-26,P047,115,141.93414
2025-12-27,P047,99,101.02273
2025-12-28,P047,76,87.31128
2025-12-29,P047,44,85.22579
2025-12-30,P047,48,67.73398
2025-11-01,P048,205,143.84889
2025-11-02,P048,159,189.9977
2025-11-03,P048,134,132.3193
2025-11-04,P048,142,126.31752
2025-11-05,P048,114,143.58362
2025-11-06,P048,135,127.0304
2025-11-07,P048,145,151.26071
2025-11-08,P048,142,165.7201
2025-11-09,P048,176,147.64725
2025-11-10,P048,126,148.57016
2025-11-11,P048,132,132.11005
2025-11-13,P048,122,140.27263
2025-11-14,P048,131,126.64249
2025-11-15,P048,146,146.016
2025-11-16,P048,139,156.12633
2025-11-17,P048,132,122.558
2025-11-18,P048,115,131.64328
2025-11-19,P048,111,123.38468
2025-11-20,P048,111,119.431015
2025-11-21,P048,127,130.69733
2025-11-22,P048,139,142.88985
2025-11-23,P048,161,145.62099
2025-11-25,P048,150,122.41523
2025-11-26,P048,136,138.4785
2025-11-27,P048,131,132.71901
2025-11-28,P048,117,128.33452
2025-11-29,P048,112,145.54105
2025-11-30,P048,160,131.91202
2025-12-01,P048,134,131.18864
2025-12-02,P048,138,129.84506
2025-12-03,P048,109,127.71428
2025-12-04,P048,145,119.420715
2025-12-05,P048,102,138.14752
2025-12-07,P048,149,167.48112
2025-12-08,P048,130,124.6083
2025-12-09,P048,148,135.92924
2025-12-10,P048,130,138.38947
2025-12-11,P048,91,132.88004
2025-12-12,P048,100,104.671844
2025-12-13,P048,160,115.694374
2025-12-14,P048,158,155.79387
2025-12-15,P048,133,130.3612
2025-12-16,P048,119,134.55083
2025-12-17,P048,130,119.45945
2025-12-18,P048,116,134.10667
2025-12-19,P048,126,120.42319
2025-12-20,P048,165,151.86214
2025-12-21,P048,135,162.91551
2025-12-22,P048,128,125.3469
2025-12-23,P048,125,142.07799
2025-12-24,P048,116,138.81262
2025-12-25,P048,177,110.72591
2025-12-26,P048,98,151.9946
2025-12-27,P048,156,131.12749
2025-12-28,P048,161,154.3592
2025-12-29,P048,111,136.64857
2025-12-30,P048,133,123.40741
2025-11-01,P049,354,238.5926
2025-11-02,P049,188,294.67203
2025-11-03,P049,180,194.96382
2025-11-04,P049,175,201.57513
2025-11-05,P049,173,202.64056
2025-11-06,P049,188,203.80641
2025-11-07,P049,220,209.44649
2025-11-08,P049,269,207.80832
2025-11-09,P049,222,218.8094
2025-11-10,P049,171,181.71829
2025-11-11,P049,181,174.83812
2025-11-13,P049,233,241.79602
2025-11-14,P049,256,244.43626
2025-11-15,P049,326,284.03
2025-11-16,P049,322,280.21082
2025-11-17,P049,199,250.21297
2025-11-18,P049,156,193.80344
2025-11-19,P049,129,176.3752
2025-11-20,P049,106,153.8759
2025-11-21,P049,169,160.53986
2025-11-22,P049,189,230.91168
2025-11-23,P049,215,204.60536
2025-11-25,P049,285,248.83173
2025-11-26,P049,309,257.81506
2025-11-27,P049,306,285.57892
2025-11-28,P049,209,269.1029
2025-11-29,P049,308,269.5422
2025-11-30,P049,242,306.4719
2025-12-01,P049,135,201.42897
2025-12-02,P049,171,155.79372
2025-12-03,P049,178,166.97096
2025-12-04,P049,168,168.47102
2025-12-05,P049,226,175.37935
2025-12-07,P049,286,215.4259
2025-12-08,P049,220,249.77345
2025-12-09,P049,265,236.36691
2025-12-10,P049,285,274.40775
2025-12-11,P049,294,276.3856
2025-12-12,P049,283,249.37831
2025-12-13,P049,274,308.05634
2025-12-14,P049,206,266.21976
2025-12-15,P049,213,172.52367
2025-12-16,P049,149,201.7587
2025-12-17,P049,171,163.10147
2025-12-18,P049,167,173.32805
2025-12-19,P049,189,193.71933
2025-12-20,P049,177,214.69212
2025-12-21,P049,265,215.443
2025-12-22,P049,296,229.77588
2025-12-23,P049,216,298.10886
2025-12-24,P049,275,253.16739
2025-12-25,P049,452,281.68292
2025-12-26,P049,254,320.00842
2025-12-27,P049,256,271.59787
2025-12-28,P049,214,234.55664
2025-12-29,P049,185,193.78267
2025-12-30,P049,196,181.1519
2025-11-01,P050,174,103.97423
2025-11-02,P050,112,139.57367
2025-11-03,P050,110,102.40498
2025-11-04,P050,92,110.20639
2025-11-05,P050,133,104.211426
2025-11-06,P050,126,129.43118
2025-11-07,P050,131,141.28868
2025-11-08,P050,134,136.75385
2025-11-09,P050,107,110.639854
2025-11-10,P050,60,91.775665
2025-11-11,P050,62,70.72043
2025-11-13,P050,82,72.29459
2025-11-14,P050,113,90.40362
2025-11-15,P050,139,126.989815
2025-11-16,P050,114,119.047775
2025-11-17,P050,123,100.296036
2025-11-18,P050,97,105.518715
2025-11-19,P050,88,106.10113
2025-11-20,P050,116,102.75761
2025-11-21,P050,106,129.35646
2025-11-22,P050,126,121.88278
2025-11-23,P050,140,111.93246
2025-11-25,P050,71,84.04494
2025-11-26,P050,84,72.809715
2025-11-27,P050,71,86.12337
2025-11-28,P050,71,89.03055
2025-11-29,P050,119,118.07781
2025-11-30,P050,141,122.472755
2025-12-01,P050,118,121.28311
2025-12-02,P050,123,106.02363
2025-12-03,P050,117,110.78327
2025-12-04,P050,117,118.007385
2025-12-05,P050,113,114.32015
2025-12-07,P050,132,130.80833
2025-12-08,P050,76,105.029785
2025-12-09,P050,84,76.27913
2025-12-10,P050,160,86.610176
2025-12-11,P050,143,132.8956
2025-12-12,P050,105,121.07846
2025-12-13,P050,161,124.757416
2025-12-14,P050,190,147.58878
2025-12-15,P050,152,140.17809
2025-12-16,P050,123,136.80354
2025-12-17,P050,152,124.42076
2025-12-18,P050,142,140.27467
2025-12-19,P050,124,134.51581
2025-12-20,P050,40,136.66019
2025-12-21,P050,70,81.56007
2025-12-22,P050,45,77.81983
2025-12-23,P050,74,66.1267
2025-12-24,P050,73,110.24171
2025-12-25,P050,120,91.65495
2025-12-26,P050,119,113.01404
2025-12-27,P050,125,129.39635
2025-12-28,P050,146,136.3889
2025-12-29,P050,132,136.7544
2025-12-30,P050,112,129.66588
2025-11-01,P051,300,195.84795
2025-11-02,P051,197,225.19095
2025-11-03,P051,154,166.8923
2025-11-04,P051,136,169.14438
2025-11-05,P051,184,160.15749
2025-11-06,P051,158,171.57094
2025-11-07,P051,183,180.8559
2025-11-08,P051,221,194.06473
2025-11-09,P051,235,196.9742
2025-11-10,P051,155,190.50273
2025-11-11,P051,198,172.96329
2025-11-12,P051,209,197.77011
2025-11-13,P051,227,206.0002
2025-11-14,P051,198,201.77113
2025-11-15,P051,237,230.02759
2025-11-16,P051,183,217.22061
2025-11-17,P051,147,156.82832
2025-11-18,P051,121,150.4392
2025-11-19,P051,99,153.56187
2025-11-20,P051,101,131.55524
2025-11-21,P051,200,145.39699
2025-11-22,P051,218,219.17656
2025-11-23,P051,250,222.47894
2025-11-25,P051,255,209.94133
2025-11-26,P051,223,234.0375
2025-11-27,P051,183,220.94156
2025-11-28,P051,159,186.16112
2025-11-29,P051,193,208.66194
2025-11-30,P051,198,193.12956
2025-12-01,P051,132,167.6542
2025-12-02,P051,152,137.49536
2025-12-03,P051,102,154.56389
2025-12-04,P051,158,115.887215
2025-12-05,P051,149,173.72943
2025-12-07,P051,219,227.83167
2025-12-08,P051,236,209.1821
2025-12-09,P051,284,229.96375
2025-12-10,P051,271,247.13533
2025-12-11,P051,223,227.20236
2025-12-12,P051,221,196.25569
2025-12-13,P051,206,229.20395
2025-12-14,P051,170,204.46906
2025-12-15,P051,177,146.29291
2025-12-16,P051,146,175.06636
2025-12-17,P051,137,142.94571
2025-12-19,P051,135,146.17198
2025-12-20,P051,178,184.43242
2025-12-21,P051,260,208.20715
2025-12-22,P051,300,238.86722
2025-12-23,P051,268,314.73865
2025-12-24,P051,223,278.4786
2025-12-25,P051,310,218.14027
2025-12-26,P051,223,269.85706
2025-12-27,P051,264,224.4212
2025-12-28,P051,206,213.48862
2025-12-29,P051,150,165.94456
2025-12-30,P051,196,162.28395
2025-11-01,P052,204,154.24516
2025-11-02,P052,160,186.78133
2025-11-03,P052,172,151.47206
2025-11-04,P052,199,178.0216
2025-11-05,P052,172,193.98657
2025-11-06,P052,168,166.7796
2025-11-07,P052,163,186.97733
2025-11-08,P052,137,173.99495
2025-11-09,P052,151,137.31001
2025-11-10,P052,107,131.1179
2025-11-11,P052,126,143.63155
2025-11-12,P052,119,126.06971
2025-11-13,P052,135,124.0338
2025-11-14,P052,115,136.33588
2025-11-15,P052,156,147.43488
2025-11-16,P052,142,154.65213
2025-11-17,P052,158,139.25327
2025-11-18,P052,161,173.75063
2025-11-19,P052,200,166.46202
2025-11-20,P052,174,182.8322
2025-11-21,P052,177,173.27225
2025-11-22,P052,196,162.91075
2025-11-23,P052,172,171.81857
2025-11-25,P052,189,162.2227
2025-11-26,P052,172,163.41118
2025-11-27,P052,112,158.18748
2025-11-28,P052,125,119.88488
2025-11-29,P052,132,161.05608
2025-11-30,P052,117,143.07874
2025-12-01,P052,99,136.39777
2025-12-02,P052,134,139.91495
2025-12-03,P052,211,156.71898
2025-12-04,P052,181,190.57744
2025-12-05,P052,170,175.9112
2025-12-07,P052,187,158.20067
2025-12-08,P052,148,157.50078
2025-12-09,P052,150,152.86035
2025-12-10,P052,164,159.94553
2025-12-11,P052,167,151.92882
2025-12-12,P052,183,153.53569
2025-12-13,P052,166,170.53572
2025-12-14,P052,135,153.24138
2025-12-15,P052,99,118.43286
2025-12-16,P052,66,119.97954
2025-12-17,P052,91,126.03291
2025-12-19,P052,159,173.44582
2025-12-20,P052,213,169.70618
2025-12-21,P052,226,198.273
2025-12-22,P052,169,189.65953
2025-12-23,P052,164,170.8008
2025-12-24,P052,160,175.82399
2025-12-25,P052,202,153.73991
2025-12-26,P052,157,191.98273
2025-12-27,P052,164,167.60907
2025-12-28,P052,151,159.01486
2025-12-29,P052,98,135.34726
2025-12-30,P052,91,103.50159
2025-11-01,P053,333,249.301
2025-11-02,P053,218,289.4531
2025-11-03,P053,188,209.51245
2025-11-04,P053,183,185.13809
2025-11-05,P053,190,189.37836
2025-11-06,P053,205,215.40544
2025-11-07,P053,211,209.52412
2025-11-08,P053,278,232.07695
2025-11-09,P053,218,234.48854
2025-11-10,P053,148,202.93295
2025-11-11,P053,234,173.70454
2025-11-12,P053,248,216.56786
2025-11-13,P053,251,243.12273
2025-11-14,P053,201,234.28072
2025-11-15,P053,290,246.84628
2025-11-16,P053,223,256.33752
2025-11-17,P053,251,192.03969
2025-11-18,P053,246,225.57576
2025-11-19,P053,215,228.26741
2025-11-20,P053,219,222.49742
2025-11-21,P053,234,214.8099
2025-11-22,P053,215,269.07446
2025-11-23,P053,224,217.9135
2025-11-25,P053,238,214.45457
2025-11-26,P053,269,229.6905
2025-11-27,P053,251,259.02728
2025-11-28,P053,210,210.27058
2025-11-29,P053,270,252.81299
2025-11-30,P053,242,234.61256
2025-12-01,P053,205,220.43253
2025-12-02,P053,231,216.61104
2025-12-03,P053,232,219.6736
2025-12-04,P053,227,226.17874
2025-12-05,P053,226,220.76689
2025-12-07,P053,289,270.85318
2025-12-08,P053,214,211.8503
2025-12-09,P053,242,224.77992
2025-12-10,P053,277,251.4836
2025-12-11,P053,265,263.8148
2025-12-12,P053,242,225.94482
2025-12-13,P053,225,290.98993
2025-12-14,P053,218,235.46902
2025-12-15,P053,194,207.92903
2025-12-16,P053,274,218.93178
2025-12-17,P053,265,253.36662
2025-12-19,P053,250,245.70589
2025-12-20,P053,262,270.5835
2025-12-21,P053,240,269.75143
2025-12-22,P053,208,215.70786
2025-12-23,P053,256,240.67058
2025-12-24,P053,259,291.02362
2025-12-25,P053,327,261.0866
2025-12-26,P053,256,272.6214
2025-12-27,P053,268,256.85843
2025-12-28,P053,336,238.76118
2025-12-29,P053,265,252.73363
2025-12-30,P053,235,282.75327
2025-11-01,P054,172,148.92482
2025-11-02,P054,149,170.03427
2025-11-03,P054,121,126.43744
2025-11-04,P054,118,136.74109
2025-11-05,P054,161,137.22964
2025-11-06,P054,178,172.0441
2025-11-07,P054,154,197.02985
2025-11-08,P054,197,172.54472
2025-11-09,P054,166,187.63913
2025-11-10,P054,167,138.41614
2025-11-11,P054,184,152.33395
2025-11-12,P054,163,169.98743
2025-11-13,P054,138,150.10417
2025-11-14,P054,129,133.73735
2025-11-15,P054,143,153.98082
2025-11-16,P054,122,153.1372
2025-11-17,P054,99,119.44296
2025-11-18,P054,109,113.61837
2025-11-19,P054,151,135.5627
2025-11-20,P054,146,164.336
2025-11-21,P054,137,151.821
2025-11-22,P054,184,154.92213
2025-11-23,P054,195,173.77274
2025-11-25,P054,171,154.4058
2025-11-26,P054,171,166.93701
2025-11-27,P054,185,155.32088
2025-11-28,P054,136,154.62985
2025-11-29,P054,180,159.80693
2025-11-30,P054,162,162.96454
2025-12-01,P054,105,131.21335
2025-12-02,P054,114,116.41578
2025-12-03,P054,111,141.13637
2025-12-04,P054,148,137.83723
2025-12-05,P054,121,140.90633
2025-12-07,P054,151,152.6536
2025-12-08,P054,125,137.6157
2025-12-09,P054,172,145.3283
2025-12-10,P054,148,167.67068
2025-12-11,P054,145,156.99956
2025-12-12,P054,194,135.43073
2025-12-13,P054,179,193.87523
2025-12-14,P054,172,169.84167
2025-12-15,P054,156,132.38812
2025-12-16,P054,148,142.93959
2025-12-17,P054,184,139.35138
2025-12-19,P054,112,137.87993
2025-12-20,P054,96,134.15326
2025-12-21,P054,117,138.72992
2025-12-22,P054,123,121.56906
2025-12-23,P054,135,150.50905
2025-12-24,P054,148,160.54434
2025-12-25,P054,212,148.94771
2025-12-26,P054,153,200.61102
2025-12-27,P054,171,171.6294
2025-12-28,P054,174,166.33061
2025-12-29,P054,130,152.69206
2025-12-30,P054,172,138.9942
2025-11-01,P055,212,182.19719
2025-11-02,P055,141,192.34872
2025-11-03,P055,151,133.67645
2025-11-04,P055,119,151.9495
2025-11-05,P055,137,132.8646
2025-11-06,P055,156,151.70428
2025-11-07,P055,190,179.26936
2025-11-08,P055,190,208.36389
2025-11-09,P055,189,192.31815
2025-11-10,P055,193,157.5431
2025-11-11,P055,180,173.29828
2025-11-12,P055,185,168.6066
2025-11-13,P055,176,170.14526
2025-11-14,P055,144,168.77795
2025-11-15,P055,157,175.15042
2025-11-16,P055,123,153.87973
2025-11-17,P055,160,135.68489
2025-11-18,P055,142,147.24663
2025-11-19,P055,165,141.0731
2025-11-20,P055,138,163.49164
2025-11-21,P055,158,153.70773
2025-11-22,P055,201,173.7313
2025-11-23,P055,191,196.48103
2025-11-25,P055,202,192.97281
2025-11-26,P055,168,191.56073
2025-11-27,P055,187,170.17767
2025-11-28,P055,139,167.16397
2025-11-29,P055,181,162.6278
2025-11-30,P055,186,162.22388
2025-12-01,P055,136,162.0604
2025-12-02,P055,142,143.39648
2025-12-03,P055,147,150.5692
2025-12-04,P055,160,149.23042
2025-12-05,P055,183,162.14233
2025-12-07,P055,189,199.70062
2025-12-08,P055,190,182.38512
2025-12-09,P055,176,187.88089
2025-12-10,P055,202,173.3193
2025-12-11,P055,200,195.35349
2025-12-12,P055,233,176.9532
2025-12-13,P055,214,217.8378
2025-12-14,P055,214,194.18553
2025-12-15,P055,121,166.49979
2025-12-16,P055,137,136.42761
2025-12-17,P055,140,148.24504
2025-12-19,P055,224,170.68301
2025-12-20,P055,240,225.69617
2025-12-21,P055,199,215.27525
2025-12-22,P055,189,182.87021
2025-12-23,P055,214,184.80254
2025-12-24,P055,178,211.88577
2025-12-25,P055,258,180.59018
2025-12-26,P055,151,246.51979
2025-12-27,P055,186,190.35593
2025-12-28,P055,176,195.22708
2025-12-29,P055,148,151.23462
2025-12-30,P055,139,151.11302
2025-11-01,P056,288,211.61182
2025-11-02,P056,218,246.18112
2025-11-03,P056,171,187.76259
2025-11-04,P056,176,184.10219
2025-11-05,P056,200,172.84686
2025-11-06,P056,182,202.83633
2025-11-07,P056,176,206.09903
2025-11-08,P056,213,208.68497
2025-11-09,P056,244,213.42886
2025-11-10,P056,196,194.05334
2025-11-11,P056,190,193.76006
2025-11-12,P056,177,188.89174
2025-11-13,P056,183,186.46379
2025-11-14,P056,185,177.33438
2025-11-15,P056,218,222.2801
2025-11-16,P056,236,225.80128
2025-11-17,P056,182,199.38857
2025-11-18,P056,230,180.50325
2025-11-19,P056,209,210.47041
2025-11-20,P056,201,197.75023
2025-11-21,P056,178,194.64508
2025-11-22,P056,211,208.91945
2025-11-23,P056,224,219.70238
2025-11-25,P056,159,203.58661
2025-11-26,P056,183,174.67354
2025-11-27,P056,172,185.5281
2025-11-28,P056,189,173.90475
2025-11-29,P056,212,214.98941
2025-11-30,P056,229,215.40617
2025-12-01,P056,185,186.58891
2025-12-02,P056,166,195.26994
2025-12-03,P056,238,187.9484
2025-12-04,P056,170,210.9632
2025-12-05,P056,202,174.09715
2025-12-07,P056,232,218.33133
2025-12-08,P056,206,193.66293
2025-12-09,P056,200,191.0825
2025-12-10,P056,211,199.41159
2025-12-11,P056,180,195.97691
2025-12-12,P056,222,181.84474
2025-12-13,P056,210,230.04057
2025-12-14,P056,194,219.38516
2025-12-15,P056,198,174.64977
2025-12-16,P056,219,199.79628
2025-12-17,P056,195,221.63924
2025-12-19,P056,205,215.92093
2025-12-20,P056,238,219.76874
2025-12-21,P056,237,229.96596
2025-12-22,P056,169,215.67796
2025-12-23,P056,215,182.48767
2025-12-24,P056,196,218.39078
2025-12-25,P056,281,189.89369
2025-12-26,P056,205,242.18611
2025-12-27,P056,222,222.13498
2025-12-28,P056,222,216.87427
2025-12-29,P056,219,197.95999
2025-12-30,P056,226,222.63782
2025-11-01,P057,522,312.12296
2025-11-02,P057,320,339.09378
2025-11-03,P057,295,267.7556
2025-11-04,P057,298,298.1409
2025-11-05,P057,312,300.23193
2025-11-06,P057,331,302.57712
2025-11-07,P057,313,318.60382
2025-11-08,P057,309,330.2798
2025-11-09,P057,315,314.12256
2025-11-10,P057,299,282.86255
2025-11-11,P057,249,303.16895
2025-11-12,P057,275,285.82193
2025-11-13,P057,347,285.6237
2025-11-14,P057,320,310.75644
2025-11-15,P057,333,324.17813
2025-11-16,P057,312,321.40765
2025-11-17,P057,244,302.05508
2025-11-18,P057,308,261.32034
2025-11-19,P057,308,301.88974
2025-11-20,P057,301,325.45645
2025-11-21,P057,242,315.68143
2025-11-22,P057,351,291.90463
2025-11-23,P057,370,322.75488
2025-11-25,P057,265,294.94327
2025-11-26,P057,263,288.44318
2025-11-27,P057,335,289.41605
2025-11-28,P057,288,297.5281
2025-11-29,P057,346,335.51865
2025-11-30,P057,319,345.90436
2025-12-01,P057,276,275.4758
2025-12-02,P057,300,288.45294
2025-12-03,P057,301,304.6046
2025-12-04,P057,350,315.18304
2025-12-05,P057,270,307.57416
2025-12-07,P057,324,329.7511
2025-12-08,P057,281,285.5989
2025-12-09,P057,240,284.63968
2025-12-10,P057,238,274.6971
2025-12-11,P057,330,285.2608
2025-12-12,P057,305,301.9715
2025-12-13,P057,325,340.76996
2025-12-14,P057,348,320.0034
2025-12-15,P057,274,277.05975
2025-12-16,P057,278,288.76654
2025-12-17,P057,344,288.72235
2025-12-19,P057,285,251.82599
2025-12-20,P057,367,318.97348
2025-12-21,P057,344,365.30847
2025-12-22,P057,325,295.1088
2025-12-23,P057,230,315.44952
2025-12-24,P057,256,254.443
2025-12-25,P057,421,289.61484
2025-12-26,P057,288,340.1299
2025-12-27,P057,285,313.9487
2025-12-28,P057,261,300.68103
2025-12-29,P057,252,284.8535
2025-12-30,P057,331,275.9401
2025-11-01,P058,42,42.18017
2025-11-02,P058,40,40.58394
2025-11-03,P058,43,41.731358
2025-11-04,P058,45,39.641552
2025-11-05,P058,40,43.964714
2025-11-06,P058,38,42.67203
2025-11-07,P058,52,50.061306
2025-11-08,P058,50,52.207447
2025-11-09,P058,47,46.76526
2025-11-10,P058,23,40.320477
2025-11-11,P058,34,31.773853
2025-11-12,P058,35,30.08564
2025-11-13,P058,33,33.269695
2025-11-14,P058,34,36.02415
2025-11-15,P058,37,39.737637
2025-11-16,P058,42,39.44017
2025-11-17,P058,44,41.543743
2025-11-18,P058,30,42.839626
2025-11-19,P058,42,36.302197
2025-11-20,P058,36,39.836975
2025-11-21,P058,39,40.788406
2025-11-22,P058,48,43.49191
2025-11-23,P058,53,45.5337
2025-11-25,P058,32,31.627972
2025-11-26,P058,32,32.31573
2025-11-27,P058,50,35.409443
2025-11-28,P058,36,41.759087
2025-11-29,P058,27,40.893116
2025-11-30,P058,31,36.685673
2025-12-01,P058,36,34.868652
2025-12-02,P058,36,34.867104
2025-12-03,P058,42,38.568783
2025-12-04,P058,32,41.63829
2025-12-05,P058,34,37.33617
2025-12-07,P058,44,51.092773
2025-12-08,P058,31,35.17347
2025-12-09,P058,30,31.167921
2025-12-10,P058,26,32.815758
2025-12-11,P058,31,37.48716
2025-12-12,P058,35,29.457033
2025-12-13,P058,40,37.07448
2025-12-14,P058,44,38.551704
2025-12-15,P058,27,37.185078
2025-12-16,P058,34,29.07913
2025-12-17,P058,39,37.94807
2025-12-19,P058,29,44.636925
2025-12-20,P058,39,40.53101
2025-12-21,P058,31,41.962845
2025-12-22,P058,22,31.405865
2025-12-23,P058,31,29.769842
2025-12-24,P058,44,39.002865
2025-12-25,P058,42,36.857597
2025-12-26,P058,39,39.24378
2025-12-27,P058,49,38.861446
2025-12-28,P058,45,44.08623
2025-12-29,P058,26,36.76926
2025-12-30,P058,42,35.230766
2025-11-01,P059,79,53.715862
2025-11-02,P059,42,61.885952
2025-11-03,P059,43,38.482433
2025-11-04,P059,42,42.008965
2025-11-05,P059,50,40.851208
2025-11-06,P059,32,47.20238
2025-11-07,P059,31,41.421665
2025-11-08,P059,28,45.807983
2025-11-09,P059,55,40.755302
2025-11-10,P059,52,49.369053
2025-11-11,P059,42,52.17589
2025-11-12,P059,52,53.505108
2025-11-13,P059,57,53.930225
2025-11-14,P059,47,52.11912
2025-11-15,P059,70,58.437798
2025-11-16,P059,53,53.757374
2025-11-17,P059,44,44.594765
2025-11-18,P059,49,42.62535
2025-11-19,P059,28,47.246655
2025-11-20,P059,31,32.765022
2025-11-21,P059,40,33.033085
2025-11-22,P059,31,40.6004
2025-11-23,P059,50,41.648396
2025-11-25,P059,61,40.866287
2025-11-26,P059,68,55.94547
2025-11-27,P059,59,60.25767
2025-11-28,P059,57,50.296364
2025-11-29,P059,62,66.74164
2025-11-30,P059,52,53.836437
2025-12-01,P059,36,42.964947
2025-12-02,P059,59,42.53113
2025-12-03,P059,52,54.06188
2025-12-04,P059,53,47.958843
2025-12-05,P059,37,45.55064
2025-12-07,P059,28,42.841785
2025-12-08,P059,34,32.905155
2025-12-09,P059,56,47.688026
2025-12-10,P059,79,57.95845
2025-12-11,P059,69,66.40525
2025-12-12,P059,63,56.91297
2025-12-13,P059,64,65.25733
2025-12-14,P059,50,56.60072
2025-12-15,P059,36,39.177696
2025-12-16,P059,44,44.72543
2025-12-17,P059,39,45.586803
2025-12-19,P059,56,48.866432
2025-12-20,P059,30,48.74261
2025-12-21,P059,43,33.200077
2025-12-22,P059,34,42.978565
2025-12-23,P059,50,48.91981
2025-12-24,P059,52,67.20164
2025-12-25,P059,56,54.415882
2025-12-26,P059,35,58.80591
2025-12-27,P059,53,49.872616
2025-12-28,P059,57,51.875973
2025-12-29,P059,39,49.058273
2025-12-30,P059,66,47.34102
2025-11-01,P060,267,173.57147
2025-11-02,P060,179,213.15189
2025-11-03,P060,141,156.34834
2025-11-04,P060,116,143.3057
2025-11-05,P060,141,137.65852
2025-11-06,P060,154,153.08891
2025-11-07,P060,155,174.50555
2025-11-08,P060,162,179.39117
2025-11-09,P060,155,171.50954
2025-11-10,P060,129,143.33405
2025-11-11,P060,152,140.15562
2025-11-12,P060,151,144.84769
2025-11-13,P060,150,153.88417
2025-11-14,P060,128,153.83818
2025-11-15,P060,179,186.8105
2025-11-16,P060,171,178.12044
2025-11-17,P060,128,140.86617
2025-11-18,P060,155,128.88255
2025-11-19,P060,140,152.06993
2025-11-20,P060,132,142.96808
2025-11-21,P060,149,143.00237
2025-11-22,P060,164,167.9268
2025-11-23,P060,183,168.69386
2025-11-25,P060,139,149.63385
2025-11-26,P060,139,139.24258
2025-11-27,P060,121,143.0128
2025-11-28,P060,128,129.30086
2025-11-29,P060,164,165.47733
2025-11-30,P060,168,177.43175
2025-12-01,P060,136,136.79108
2025-12-02,P060,135,138.56233
2025-12-03,P060,140,136.98454
2025-12-04,P060,148,139.16763
2025-12-05,P060,131,146.56322
2025-12-07,P060,162,170.20766
2025-12-08,P060,144,141.2222
2025-12-09,P060,122,141.23306
2025-12-10,P060,132,134.2539
2025-12-11,P060,128,133.10803
2025-12-12,P060,130,129.73773
2025-12-13,P060,148,161.2405
2025-12-14,P060,162,155.95844
2025-12-15,P060,112,135.05354
2025-12-16,P060,125,122.71928
2025-12-17,P060,122,133.62595
2025-12-19,P060,141,158.62354
2025-12-20,P060,137,155.8901
2025-12-21,P060,164,150.61395
2025-12-22,P060,135,149.76956
2025-12-23,P060,128,136.79617
2025-12-24,P060,123,141.12346
2025-12-25,P060,188,129.21222
2025-12-26,P060,143,160.31258
2025-12-27,P060,186,153.1766
2025-12-28,P060,194,175.21503
2025-12-29,P060,146,146.70891
2025-12-30,P060,142,140.78809
