store_id,product_id,D_avg,sigma_D,primary_supplier_id,cost_price,supplier_id,base_lead_time_days,safety_stock,reorder_point,annual_demand,holding_cost,EOQ
S001,P001,13.028919330289193,5.436222590731779,SUP05,600.02,SUP05,7,23.65775379386623,114.86018910589058,4755.555555555556,90.003,229.86462301684375
S001,P002,3.8380952380952382,1.8767617962548948,SUP02,14849.87,SUP02,7,8.16743018971114,35.03409685637781,1400.904761904762,2227.4805,25.078257097452962
S001,P003,16.388121546961326,4.992932466311261,SUP06,1322.71,SUP06,3,14.224715072642434,63.38907971352641,5981.664364640884,198.4065,173.63332121996254
S001,P004,2.083044982698962,1.1611965985284551,SUP06,2053.84,SUP06,3,3.3082143347298225,9.557349282826708,760.3114186851211,308.076,49.678311125531195
S001,P005,4.016977928692699,2.0303103800424087,SUP01,31240.12,SUP01,8,9.445711684014924,41.58153511355652,1466.1969439728352,4686.018,17.688629226871388
S001,P006,11.281593406593407,3.6344813115378605,SUP08,1704.4,SUP08,4,11.956379534740787,57.08275316111441,4117.781593406594,255.66,126.91129091757912
S001,P007,5.688186813186813,2.5165800702112775,SUP06,659.46,SUP06,3,7.169661255741543,24.234221695301983,2076.188186813187,98.919,144.87501674542824
S001,P008,8.5,3.0999661626847157,SUP04,1992.51,SUP04,5,11.401689567193115,53.90168956719312,3102.5,298.87649999999996,101.88494391072477
S001,P009,4.44,2.1712340028561163,SUP03,288.34,SUP03,8,10.101337505391726,45.62133750539173,1620.6000000000001,43.251,193.57079810972297
S001,P010,8.166208791208792,2.9491072335396256,SUP06,1349.55,SUP06,3,8.401918191127153,32.90054456475353,2980.666208791209,202.43249999999998,121.34350985996058
S001,P011,18.01305057096248,6.186097579291025,SUP03,2727.57,SUP03,8,28.779882503455042,172.8842870711549,6574.763458401306,409.13550000000004,126.76707928778188
S001,P012,5.186111111111111,2.515891387368209,SUP08,831.28,SUP08,4,8.27654614705714,29.020990591501583,1892.9305555555554,124.692,123.21059231652852
S001,P013,9.24587912087912,3.4753974444151523,SUP06,2572.71,SUP06,3,9.90130324104274,37.6389406036801,3374.745879120879,385.9065,93.51461517558384
S001,P014,7.180428134556575,2.7833208871748236,SUP02,3423.55,SUP02,7,12.112660800602631,62.37565774249865,2620.8562691131497,513.5325,71.43937315153504
S001,P015,7.635488308115543,2.8700995849652924,SUP06,528.37,SUP06,3,8.176827766389312,31.08329269073594,2786.953232462173,79.2555,187.52109717933402
S001,P016,9.812785388127853,4.126426693917384,SUP02,19318.02,SUP02,7,17.95768755671828,86.64718527361326,3581.6666666666665,2897.703,35.15731072500023
S001,P017,9.339752407152682,3.8288237617665883,SUP06,815.59,SUP06,3,10.908204235081556,38.9274614565396,3409.009628610729,122.3385,166.92928696188216
S001,P018,6.261011419249592,2.8145972711720217,SUP01,5652.95,SUP01,8,13.0944877154944,63.18257906949114,2285.2691680261014,847.9425,51.91411783656414
S001,P019,2.4050632911392404,1.3521760661025615,SUP03,341.07,SUP03,8,6.290794447971801,25.531300777085725,877.8481012658227,51.1605,130.99125315560735
S001,P020,6.523577235772358,2.6907393756650904,SUP03,2428.59,SUP03,8,12.518257606912242,64.7068754930911,2381.1056910569105,364.2885,80.84750200267764
S001,P021,17.03541076487252,6.316040003071116,SUP04,510.53,SUP04,5,23.230423698116507,108.40747752247911,6217.92492917847,76.5795,284.9485648404052
S001,P022,12.982200647249192,3.9952979265724506,SUP07,1566.2,SUP07,8,18.587518774029874,122.44512395202341,4738.503236245955,234.93,142.02060272860192
S001,P023,15.818476499189627,4.971619024736854,SUP03,802.13,SUP03,8,23.12970488258395,149.67751687610098,5773.743922204214,120.31949999999999,219.05882295735137
S001,P024,15.049180327868852,5.240445930173045,SUP01,34988.75,SUP01,8,24.380381363685903,144.77382398663673,5492.950819672131,5248.3125,32.35139499075441
S001,P025,3.8314285714285714,1.9375472937800975,SUP06,61.53,SUP06,3,5.520014216045105,17.01429993033082,1398.4714285714285,9.2295,389.2581478795324
S001,P026,14.11038961038961,4.355819116212263,SUP03,615.33,SUP03,8,20.264789031223064,133.14790591433996,5150.292207792208,92.29950000000001,236.21978003959578
S001,P027,18.410958904109588,6.294848671139562,SUP06,1204.78,SUP06,3,17.933835351575535,73.1667120639043,6720.0,180.71699999999998,192.83467592193827
S001,P028,4.047138047138047,2.138808723712232,SUP03,1674.49,SUP03,8,9.950483802885197,42.32758817998957,1477.205387205387,251.1735,76.68908087221206
S001,P029,2.173570019723866,1.2657902578258837,SUP02,37324.28,SUP02,7,5.508559256821779,20.723549394888842,793.3530571992111,5598.642,11.903972116040395
S001,P030,16.78048780487805,5.162405736322412,SUP03,713.27,SUP03,8,24.017311175933468,158.26121361495785,6124.878048780488,106.9905,239.26331435231862
S001,P031,5.887658227848101,2.6463573427828697,SUP02,17063.99,SUP02,7,11.516612762120099,52.73022035705681,2148.995253164557,2559.5985,28.975557760741943
S001,P032,4.287517531556802,2.0154107487056803,SUP06,333.73,SUP06,3,5.7418448673429445,18.604397462013353,1564.943899018233,50.0595,176.80971858251525
S001,P033,3.7436762225969646,1.8495063191892158,SUP07,2764.49,SUP07,8,8.604548161971227,38.55395794274695,1366.441821247892,414.67349999999993,57.40403645789308
S001,P034,8.3348623853211,3.3503137238793794,SUP02,2182.61,SUP02,7,14.5801419807352,72.92417867798291,3042.2247706422017,327.3915,96.3966517229402
S001,P035,5.8573743922204216,2.6523234565884204,SUP03,2556.37,SUP03,8,12.339533359013211,59.19852849677658,2137.941653160454,383.4555,74.66901780278704
S001,P036,15.99587912087912,5.828472970067691,SUP08,1133.37,SUP08,4,19.17396980880892,83.1574862923254,5838.495879120879,170.00549999999998,185.3185967735211
S001,P037,15.044207317073171,5.22906118700212,SUP02,33750.82,SUP02,7,22.756213541746373,128.06566476125857,5491.135670731707,5062.623,32.93390990562569
S001,P038,9.406919275123558,3.919674276526917,SUP03,420.97,SUP03,8,18.23569119050147,93.49104539148993,3433.5255354200985,63.1455,233.18410188153297
S001,P039,5.562322946175637,2.4430412944688067,SUP04,436.51,SUP04,5,8.985516930689139,36.79713166156733,2030.2478753541077,65.4765,176.08882848286936
S001,P040,17.494573643410853,5.56040111602062,SUP05,1150.8,SUP05,7,24.198163044726826,146.6601785486028,6385.519379844961,172.61999999999998,192.3324471998594
S001,P041,10.843793584379359,3.6651965889356304,SUP04,2548.71,SUP04,5,13.480609631424997,67.69957755332179,3957.984658298466,382.30649999999997,101.74924895829666
S001,P042,12.245499181669395,4.673815291767179,SUP01,8136.06,SUP01,8,21.744218098048,119.70821155140317,4469.607201309329,1220.409,60.51763925205532
S001,P043,15.230293663060278,5.620435711904114,SUP02,37440.8,SUP02,7,24.459426020041228,131.07148166146317,5559.0571870170015,5616.12,31.461714190552573
S001,P044,12.085346215780998,4.515292411951319,SUP07,2839.16,SUP07,8,21.00671439773737,117.68948412398535,4411.1513687600645,425.87399999999997,101.77366563922058
S001,P045,15.288956127080182,5.378099441777556,SUP02,18666.11,SUP02,7,23.40480919405761,130.4275020836189,5580.468986384266,2799.9165,44.643970193171086
S001,P046,8.489329268292684,3.564439573494866,SUP02,4833.36,SUP02,7,15.511990621322912,74.9372954993717,3098.6051829268295,725.0039999999999,65.37518338887358
S001,P047,7.766612641815235,3.040418263162127,SUP03,2697.13,SUP03,8,14.145085694751257,76.27798682927313,2834.813614262561,404.5695,83.70775326684392
S001,P048,11.244695898161245,4.272361205303326,SUP04,2809.66,SUP04,5,15.713763836570575,71.9372433273768,4104.314002828854,421.44899999999996,98.68423431712407
S001,P049,17.572347266881028,6.2814098816614194,SUP03,1141.55,SUP03,8,29.22330856135245,169.80208669640066,6413.906752411575,171.2325,193.53887940188878
S001,P050,9.361290322580645,3.55366678311275,SUP07,383.33,SUP07,8,16.5328967355438,91.42321931618896,3416.8709677419356,57.4995,243.77112144553388
S001,P051,14.70388349514563,5.709443778965936,SUP01,17720.45,SUP01,8,26.562322855817932,144.19339081698297,5366.917475728155,2658.0675,44.93445266351178
S001,P052,13.137931034482758,4.008710457008671,SUP01,11392.14,SUP01,8,18.649918541424533,123.7533668172866,4795.3448275862065,1708.821,52.97386188090165
S001,P053,15.144079885877318,5.47728398954998,SUP04,106.42,SUP04,5,20.145475286775717,95.86587471616231,5527.589158345221,15.963,588.4514283500662
S001,P054,12.108019639934534,4.260160603407664,SUP03,127.76,SUP03,8,19.819752281691684,116.68390940116797,4419.427168576105,19.164,480.2196307828258
S001,P055,14.692660550458715,5.3866184334884215,SUP05,190.55,SUP05,7,23.44188276952364,126.29050662273465,5362.821100917431,28.5825,433.1582083305712
S001,P056,13.148555708390646,3.975468159186061,SUP06,621.31,SUP06,3,11.325989731754303,50.77165685692624,4799.222833562586,93.19649999999999,226.9267306423021
S001,P057,19.1939477303989,4.911005991495409,SUP08,595.26,SUP08,4,16.15577203418327,92.93156295577887,7005.790921595599,89.289,280.1106405000367
S001,P058,3.2835314091680816,1.8551501464203604,SUP02,1741.9,SUP02,7,8.073379020478969,31.058098884655543,1198.4889643463498,261.285,67.72667903823597
S001,P059,4.281803542673108,2.1044056627942083,SUP02,31374.03,SUP02,7,9.158107531814945,39.1307323305267,1562.8582930756845,4706.1044999999995,18.223383617601737
S001,P060,10.633608815426998,3.7184609246491855,SUP06,2105.33,SUP06,3,10.593783817181668,42.49461026346266,3881.2672176308542,315.79949999999997,110.86157722949933
S002,P001,17.912587412587413,7.124564615772997,SUP05,600.02,SUP05,7,31.00520494797469,156.39331683608657,6538.0944055944055,90.003,269.52378737276865
S002,P002,5.061082024432809,2.418193760834428,SUP02,14849.87,SUP02,7,10.523673684226997,45.95124785525667,1847.2949389179755,2227.4805,28.79792291008046
S002,P003,22.64099037138927,6.353162212016443,SUP06,1322.71,SUP06,3,18.099968883211975,86.02293999737978,8263.961485557084,198.4065,204.08740060397517
S002,P004,2.5787781350482315,1.4796743512683284,SUP06,2053.84,SUP06,3,4.215547914798668,11.951882319943362,941.2540192926045,308.076,55.27445745043414
S002,P005,5.381578947368421,2.542126974594474,SUP01,31240.12,SUP01,8,11.826860908663123,54.87949248761049,1964.2763157894738,4686.018,20.4738404164014
S002,P006,15.299856527977045,4.703925052435086,SUP08,1704.4,SUP08,4,15.474536366811492,76.67396247871967,5584.447632711622,255.66,147.79465194596918
S002,P007,7.75068870523416,2.9706320366960077,SUP06,659.46,SUP06,3,8.46324171071412,31.7153078264166,2829.0013774104686,98.919,169.1128936851561
S002,P008,11.55690440060698,3.907481734186986,SUP04,1992.51,SUP04,5,14.371735491491105,72.156257494526,4218.270106221547,298.87649999999996,118.80133152319372
S002,P009,6.194980694980695,2.8165396241082874,SUP03,288.34,SUP03,8,13.103524218486706,62.66336977833227,2261.167953667954,43.251,228.64848825225374
S002,P010,11.005509641873278,3.55449748355468,SUP06,1349.55,SUP06,3,10.12665688373399,43.143185809353824,4017.0110192837465,202.43249999999998,140.86768977280434
S002,P011,24.875706214689266,8.098660104664583,SUP03,2727.57,SUP03,8,37.677790118916654,236.68343983643078,9079.632768361582,409.13550000000004,148.9705975156657
S002,P012,6.930131004366812,2.9610312324406896,SUP08,831.28,SUP08,4,9.740925924393311,37.46144994186056,2529.4978165938865,124.692,142.42881434535303
S002,P013,12.55524861878453,4.2596875279475475,SUP06,2572.71,SUP06,3,12.135722201808186,49.801468058161774,4582.665745856353,385.9065,108.97278341426208
S002,P014,10.104882459312838,3.5523815285245806,SUP02,3423.55,SUP02,7,15.459515533266595,86.19369274845647,3688.282097649186,513.5325,84.74773467942816
S002,P015,10.543448275862069,3.4564938841871435,SUP06,528.37,SUP06,3,9.847447564060069,41.477792391646275,3848.3586206896553,79.2555,220.35507797070764
S002,P016,13.823214285714286,5.223707176173576,SUP02,19318.02,SUP02,7,22.73291356315327,119.49541356315328,5045.473214285715,2897.703,41.7276586720954
S002,P017,12.879166666666666,4.679801164897537,SUP06,815.59,SUP06,3,13.332613372291043,51.970113372291046,4700.895833333333,122.3385,196.02377036782195
S002,P018,8.603669724770642,3.6608000623634336,SUP01,5652.95,SUP01,8,17.031318098854705,85.86067589701983,3140.339449541284,847.9425,60.856237177953226
S002,P019,3.0967117988394586,1.7304637154979843,SUP03,341.07,SUP03,8,8.050720469597248,32.82441486031291,1130.2998065764025,51.1605,148.63785744405897
S002,P020,9.300578034682081,3.7398794775941275,SUP03,2428.59,SUP03,8,17.399223106755038,91.80384738421168,3394.7109826589594,364.2885,96.53363766700001
S002,P021,23.10244648318043,8.364049819360575,SUP04,510.53,SUP04,5,30.763013065373908,146.27524548127604,8432.392966360856,76.5795,331.8326806621131
S002,P022,17.443202979515828,5.527832847548745,SUP07,1566.2,SUP07,8,25.71740549062357,165.2630293267502,6366.769087523277,234.93,164.62292357385658
S002,P023,21.908239700374533,6.576224123674608,SUP03,802.13,SUP03,8,30.594887191778312,205.8608047947746,7996.5074906367045,120.31949999999999,257.7995559442744
S002,P024,20.68320610687023,6.885489524489569,SUP01,34988.75,SUP01,8,32.03369765083651,197.49934650579834,7549.370229007634,5248.3125,37.92674039079003
S002,P025,5.022377622377622,2.4698864096977142,SUP06,61.53,SUP06,3,7.036632415278406,22.103765282411274,1833.167832167832,9.2295,445.66859002609834
S002,P026,19.459203036053133,6.0270103165696005,SUP03,615.33,SUP03,8,28.039753097115543,183.7133773855406,7102.609108159393,92.29950000000001,277.40180510207733
S002,P027,25.399449035812673,8.482855714635853,SUP06,1204.78,SUP06,3,24.167401894017377,100.3657490014554,9270.798898071625,180.71699999999998,226.49523825537685
S002,P028,5.274285714285714,2.7644494976544207,SUP03,1674.49,SUP03,8,12.861182790839164,55.05546850512488,1925.1142857142856,251.1735,87.54701635916919
S002,P029,2.7865612648221343,1.533099246689393,SUP02,37324.28,SUP02,7,6.671854199196269,26.17778305295121,1017.094861660079,5598.642,13.478432288753512
S002,P030,22.616981132075473,7.066420923553199,SUP03,713.27,SUP03,8,32.87545359462713,213.8113026512309,8255.198113207547,106.9905,277.77371137863435
S002,P031,7.980251346499102,3.3427637847870693,SUP02,17063.99,SUP02,7,14.54728559981565,70.40904502530937,2912.7917414721724,2559.5985,33.73407404077396
S002,P032,5.8635097493036215,2.5053983432465885,SUP06,333.73,SUP06,3,7.137804850479507,24.728334098390373,2140.1810584958216,50.0595,206.76737025673802
S002,P033,4.782527881040892,2.197660751469801,SUP07,2764.49,SUP07,8,10.224283952695803,48.48450700102293,1745.6226765799256,414.67349999999993,64.88167397345542
S002,P034,11.598566308243727,4.24519558478122,SUP02,2182.61,SUP02,7,18.47455476212257,99.66451891982865,4233.47670250896,327.3915,113.7142489202909
S002,P035,7.822097378277154,3.2000525473336645,SUP03,2556.37,SUP03,8,14.887760035576406,77.46453906179363,2855.0655430711613,383.4555,86.28803034504345
S002,P036,22.027656477438136,7.997674090357848,SUP08,1133.37,SUP08,4,26.310006469401845,114.42063237915438,8040.094614264919,170.00549999999998,217.46986947448212
S002,P037,21.098939929328623,7.675090079198992,SUP02,33750.82,SUP02,7,33.40102220041598,181.09360170571634,7701.113074204947,5062.623,39.00218663126357
S002,P038,12.810506566604127,4.545894033351062,SUP03,420.97,SUP03,8,21.149083808664244,123.63313634149726,4675.8348968105065,63.1455,272.11869573323037
S002,P039,7.657492354740061,3.105416472270797,SUP04,436.51,SUP04,5,11.421735830501932,49.70919760420223,2794.984709480122,65.4765,206.6079316168924
S002,P040,24.322580645161292,7.374069698665297,SUP05,1150.8,SUP05,7,32.09101954126374,202.3490840573928,8877.741935483871,172.61999999999998,226.78049667239017
S002,P041,15.138801261829652,5.26633252618903,SUP04,2548.71,SUP04,5,19.36959485042165,95.06360115956991,5525.6624605678235,382.30649999999997,120.22266064300042
S002,P042,16.336466165413533,5.739933882240087,SUP01,8136.06,SUP01,8,26.704173445547692,157.39590276885596,5962.81015037594,1220.409,69.89929414407857
S002,P043,20.439929328621908,7.569320657511853,SUP02,37440.8,SUP02,7,32.94072704225596,176.02023234260932,7460.574204946996,5616.12,36.44751620816899
S002,P044,16.979007633587788,5.675543636661015,SUP07,2839.16,SUP07,8,26.404607575727272,162.23666864442959,6197.337786259543,425.87399999999997,120.63185901081897
S002,P045,21.09964412811388,6.91409213887539,SUP02,18666.11,SUP02,7,30.08925532381507,177.78676422061224,7701.370106761567,2799.9165,52.44588973227984
S002,P046,12.008944543828266,4.490323183138803,SUP02,4833.36,SUP02,7,19.541319095855414,103.60393090265327,4383.2647584973165,725.0039999999999,77.7550581576844
S002,P047,10.694756554307116,3.8643133989997063,SUP03,2697.13,SUP03,8,17.978133088628805,103.53618552308573,3903.586142322097,404.5695,98.22800291098261
S002,P048,15.636080870917574,6.03014789884321,SUP04,2809.66,SUP04,5,22.178911245704708,100.35931560029258,5707.169517884915,421.44899999999996,116.3691527514925
S002,P049,24.67680608365019,8.202329173759475,SUP03,1141.55,SUP03,8,38.1600947689082,235.57454343810974,9007.03422053232,171.2325,229.3495052764209
S002,P050,12.908396946564885,4.542470721439382,SUP07,383.33,SUP07,8,21.133157368234233,124.40033294075332,4711.564885496183,57.4995,286.2533343183632
S002,P051,20.02033271719039,7.564387363520628,SUP01,17720.45,SUP01,8,35.19216707178003,195.35482880930314,7307.4214417744915,2658.0675,52.432320036895966
S002,P052,17.867816091954023,5.294381788531574,SUP01,11392.14,SUP01,8,24.63130977960322,167.5738385152354,6521.752873563219,1708.821,61.77800547761633
S002,P053,20.49392097264438,7.4953537799081,SUP04,106.42,SUP04,5,27.56794510324189,130.03754996646379,7480.281155015198,15.963,684.5445292253371
S002,P054,16.25836431226766,5.121809968828142,SUP03,127.76,SUP03,8,23.82844551326855,153.89536001140982,5934.302973977696,19.164,556.4700264291065
S002,P055,20.05114638447972,7.102669178616292,SUP05,190.55,SUP05,7,30.909918772175793,171.2679434635338,7318.668430335098,28.5825,506.01795824780424
S002,P056,17.507565337001374,4.949567751203683,SUP06,621.31,SUP06,3,14.10117029794867,66.62386630895278,6390.2613480055015,93.19649999999999,261.85417866960603
S002,P057,25.741525423728813,7.044182564010495,SUP08,595.26,SUP08,4,23.173298478641968,126.13940017355722,9395.656779661016,89.289,324.3878597617493
S002,P058,4.406654343807763,2.338302662490819,SUP02,1741.9,SUP02,7,10.175997719273504,41.02257812592785,1608.4288354898335,261.285,78.45916576840449
S002,P059,5.5,2.5339611574419423,SUP02,31374.03,SUP02,7,11.027478765896541,49.52747876589654,2007.5,4706.1044999999995,20.65365858775095
S002,P060,14.817548746518106,5.073119315536612,SUP06,2105.33,SUP06,3,14.453165004721376,58.9058112442757,5408.4052924791085,315.79949999999997,130.86662296666486
S003,P001,21.388571428571428,8.340182717689663,SUP05,600.02,SUP05,7,36.29542132203236,186.01542132203235,7806.828571428571,90.003,294.51595603791594
S003,P002,6.272549019607843,2.7499296959309487,SUP02,14849.87,SUP02,7,11.967346555619672,55.87518969287457,2289.4803921568628,2227.4805,32.05985168012425
S003,P003,26.436974789915965,7.876827365671547,SUP06,1322.71,SUP06,3,22.440845276613338,101.75176964636123,9649.495798319327,198.4065,220.53339470530935
S003,P004,2.97007874015748,1.7139396461105199,SUP06,2053.84,SUP06,3,4.88296272423643,13.793198944708871,1084.0787401574803,308.076,59.3200461671167
S003,P005,6.398340248962656,3.0215850889025986,SUP01,31240.12,SUP01,8,14.05746720257441,65.24418919427566,2335.3941908713696,4686.018,22.324313956399116
S003,P006,18.52187028657617,5.792149192410095,SUP08,1704.4,SUP08,4,19.05447521395957,93.14195636026426,6760.482654600302,255.66,162.61382265355445
S003,P007,9.19409282700422,3.394115701355496,SUP06,659.46,SUP06,3,9.669733989218763,37.25201247023142,3355.84388185654,98.919,184.18786579262235
S003,P008,14.245874587458745,4.6996333049265235,SUP04,1992.51,SUP04,5,17.285272551493918,88.51464548878765,5199.744224422442,298.87649999999996,131.90009435455545
S003,P009,6.882956878850103,2.8574962932675834,SUP03,288.34,SUP03,8,13.294068921512958,68.35772395231378,2512.2792607802876,43.251,241.01045355409033
S003,P010,13.098176718092567,4.079120517840078,SUP06,1349.55,SUP06,3,11.621292197471416,50.915822351749114,4780.834502103787,202.43249999999998,153.67801267642375
S003,P011,29.77130977130977,9.440034877544598,SUP03,2727.57,SUP03,8,43.9183331853275,282.08881135580566,10866.528066528066,409.13550000000004,162.97155933519988
S003,P012,8.051204819277109,3.383095906523625,SUP08,831.28,SUP08,4,11.129395144340126,43.334214421448564,2938.6897590361446,124.692,153.5173886262587
S003,P013,14.935574229691877,5.168552608352721,SUP06,2572.71,SUP06,3,14.725051598003528,59.53177428707916,5451.484593837535,385.9065,118.85469658886035
S003,P014,11.938461538461539,4.4201393122778025,SUP02,3423.55,SUP02,7,19.235887758301125,102.8051185275319,4357.538461538462,513.5325,92.1163343621406
S003,P015,12.592644978783593,3.9955147930648582,SUP06,528.37,SUP06,3,11.383101991336325,49.1610369276871,4596.315417256012,79.2555,240.81869961565425
S003,P016,16.607072691552062,6.237020307767861,SUP02,19318.02,SUP02,7,27.14272426962071,143.39223311048514,6061.581532416502,2897.703,45.73682787169585
S003,P017,15.206460674157304,5.799346473790351,SUP06,815.59,SUP06,3,16.522164430184514,62.14154645265643,5550.358146067416,122.3385,212.99966880843823
S003,P018,10.524109014675052,4.563044084361,SUP01,5652.95,SUP01,8,21.22887182472248,105.42174394212289,3841.2997903563937,847.9425,67.30632832038442
S003,P019,3.518279569892473,1.8087995064215516,SUP03,341.07,SUP03,8,8.41516587798246,36.56140243712224,1284.1720430107525,51.1605,158.43247813730395
S003,P020,10.86046511627907,3.8573039614483484,SUP03,2428.59,SUP03,8,17.94552274154687,104.82924367177942,3964.06976744186,364.2885,104.31527660460488
S003,P021,27.499178981937604,9.681969948723168,SUP04,510.53,SUP04,5,35.61032926199123,173.10622417167926,10037.200328407225,76.5795,362.0345619761759
S003,P022,21.178053830227743,6.115874075440066,SUP07,1566.2,SUP07,8,28.45317828259418,197.8776089244161,7729.989648033126,234.93,181.3928718978992
S003,P023,25.946169772256727,7.350530002354656,SUP03,802.13,SUP03,8,34.197228073814685,241.7665862518685,9470.351966873706,120.31949999999999,280.5530863450558
S003,P024,24.84937238493724,8.085646730066104,SUP01,34988.75,SUP01,8,37.61724736363076,236.41222644312867,9070.020920502093,5248.3125,41.57136656917765
S003,P025,6.074285714285714,2.7619261858123125,SUP06,61.53,SUP06,3,7.868644991682736,26.091502134539876,2217.1142857142854,9.2295,490.12285323062525
S003,P026,22.747433264887064,6.85384369820813,SUP03,615.33,SUP03,8,31.886470234774805,213.86593635387132,8302.813141683779,92.29950000000001,299.9252004844929
S003,P027,29.41903409090909,9.471480358171211,SUP06,1204.78,SUP06,3,26.983963897002514,115.24106616972978,10737.947443181818,180.71699999999998,243.75926559750135
S003,P028,6.1361788617886175,2.9812298123446563,SUP03,1674.49,SUP03,8,13.869720387583962,62.9591512818929,2239.7052845528456,251.1735,94.42968233001507
S003,P029,3.178794178794179,1.7574980444653063,SUP02,37324.28,SUP02,7,7.648409412088594,29.899968663647847,1160.2598752598753,5598.642,14.395816024895096
S003,P030,27.184647302904565,8.19494372659135,SUP03,713.27,SUP03,8,38.125735094006586,255.6029135172431,9922.396265560166,106.9905,304.53392156710623
S003,P031,9.159090909090908,3.7418187450933047,SUP02,17063.99,SUP02,7,16.283922362490067,80.39755872612642,3343.0681818181815,2559.5985,36.139878949793484
S003,P032,7.014224751066856,2.9424338609963834,SUP06,333.73,SUP06,3,8.38290595259965,29.42558020580022,2560.1920341394025,50.0595,226.14813847553614
S003,P033,5.786163522012578,2.4504281392526788,SUP07,2764.49,SUP07,8,11.400245959090505,57.68955413519113,2111.949685534591,414.67349999999993,71.3655541738247
S003,P034,13.583011583011583,4.765675651341803,SUP02,2182.61,SUP02,7,20.73961824394145,115.82069932502253,4957.799227799228,327.3915,123.0582593940615
S003,P035,9.578288100208768,3.6127430775575076,SUP03,2556.37,SUP03,8,16.80774025216587,93.43404505383602,3496.0751565762002,383.4555,95.48450355852076
S003,P036,26.041095890410958,9.263083233584558,SUP08,1133.37,SUP08,4,30.472832107029863,134.6372156686737,9505.0,170.00549999999998,236.452861802029
S003,P037,25.09765625,8.819245676382494,SUP02,33750.82,SUP02,7,38.38024278387586,214.06383653387587,9160.64453125,5062.623,42.537819261693265
S003,P038,15.532224532224532,5.61206856540559,SUP03,420.97,SUP03,8,26.109299415903685,150.36709567369994,5669.261954261954,63.1455,299.6346671933496
S003,P039,9.12151067323481,3.5510858722379006,SUP04,436.51,SUP04,5,13.060909899299322,58.66846326547338,3329.351395730706,65.4765,225.49508972378436
S003,P040,28.790291262135923,8.97785336716503,SUP05,1150.8,SUP05,7,39.07048341249622,240.6025222474477,10508.456310679612,172.61999999999998,246.73110590387986
S003,P041,17.943986820428336,5.78721926760263,SUP04,2548.71,SUP04,5,21.28541864125981,111.00535274340149,6549.555189456342,382.30649999999997,130.8880694377535
S003,P042,19.95841995841996,6.963172229542186,SUP01,8136.06,SUP01,8,32.395104676074716,192.06246434343439,7284.823284823286,1220.409,77.26037463433671
S003,P043,25.027131782945737,8.852142536443488,SUP02,37440.8,SUP02,7,38.5234057620146,213.71332824263476,9134.903100775195,5616.12,40.33051641887768
S003,P044,19.574596774193548,6.62063500865956,SUP07,2839.16,SUP07,8,30.801502111015953,187.39827630456435,7144.727822580645,425.87399999999997,129.52460637001764
S003,P045,25.324376199616122,8.28113941694119,SUP02,18666.11,SUP02,7,36.03847233788553,213.3091057351984,9243.397312859885,2799.9165,57.45704287426132
S003,P046,14.23076923076923,5.005643768989031,SUP02,4833.36,SUP02,7,21.78392916957473,121.39931378495935,5194.230769230769,725.0039999999999,84.64287746529796
S003,P047,12.950207468879668,4.461152480441422,SUP03,2697.13,SUP03,8,20.754836562376987,124.35649631341434,4726.825726141079,404.5695,108.09067425080939
S003,P048,17.89885807504078,6.636417797090294,SUP04,2809.66,SUP04,5,24.40877467355595,113.90306504875986,6533.083197389885,421.44899999999996,124.50493921194955
S003,P049,28.970954356846473,10.385259960691151,SUP03,1141.55,SUP03,8,48.315849791490386,280.08348464626215,10574.398340248963,171.2325,248.50477292644243
S003,P050,15.692631578947369,5.269753717358781,SUP07,383.33,SUP07,8,24.516731406799583,150.05778403837854,5727.8105263157895,57.4995,315.6183808444995
S003,P051,23.65848670756646,9.152170673295053,SUP01,17720.45,SUP01,8,42.579088553463485,231.84698221399518,8635.347648261759,2658.0675,56.99764479341009
S003,P052,21.240165631469978,6.2060305276616745,SUP01,11392.14,SUP01,8,28.87261752819425,198.79394257995406,7752.660455486542,1708.821,67.3561251976583
S003,P053,23.901315789473685,8.502551118992741,SUP04,106.42,SUP04,5,31.272421471848624,150.77900041921706,8723.980263157895,15.963,739.2648894551769
S003,P054,19.636929460580912,6.103995258824664,SUP03,127.76,SUP03,8,28.39791388656916,185.49334957121647,7167.479253112033,19.164,611.5615055866633
S003,P055,24.03231939163498,8.648528701774291,SUP05,190.55,SUP05,7,37.637304082175106,205.86353982362,8771.796577946769,28.5825,553.9801068802873
S003,P056,20.755215577190544,6.009847761268906,SUP06,621.31,SUP06,3,17.121876294306524,79.38752302587815,7575.653685674549,93.19649999999999,285.1085590584796
S003,P057,30.34094368340944,8.434253315270587,SUP08,595.26,SUP08,4,27.746224312500605,149.10999904613837,11074.444444444445,89.289,352.1778151768236
S003,P058,5.076171875,2.5374029039196664,SUP02,1741.9,SUP02,7,11.042456811668568,46.57565993666857,1852.802734375,261.285,84.20877553172485
S003,P059,6.533073929961089,2.922633910205178,SUP02,31374.03,SUP02,7,12.718933473239401,58.45045098296703,2384.5719844357977,4706.1044999999995,22.509945077625883
S003,P060,17.3545197740113,5.522234283377848,SUP06,2105.33,SUP06,3,15.732680098407464,67.79623942044137,6334.399717514125,315.79949999999997,141.62731229501537
S004,P001,14.359872611464969,5.707750793657893,SUP05,600.02,SUP05,7,24.839410222701357,125.35851850295614,5241.353503184713,90.003,241.31995352470238
S004,P002,4.18655462184874,2.044246437343246,SUP02,14849.87,SUP02,7,8.896302184371109,38.20218453731229,1528.09243697479,2227.4805,26.19195149148827
S004,P003,18.478021978021978,5.5633958378390345,SUP06,1322.71,SUP06,3,15.849948134397943,71.28401406846388,6744.478021978022,198.4065,184.37253369011142
S004,P004,2.2155887230514097,1.217244222966114,SUP06,2053.84,SUP06,3,3.4678923382885567,10.114658507442787,808.6898839137646,308.076,51.2344492177167
S004,P005,4.419580419580419,2.222831968513681,SUP01,31240.12,SUP01,8,10.341389229440379,45.698032586083734,1613.146853146853,4686.018,18.55388995376797
S004,P006,12.853591160220995,3.963610523988098,SUP08,1704.4,SUP08,4,13.039118292409697,64.45348293329369,4691.560773480664,255.66,135.46505602169015
S004,P007,6.333333333333333,2.6038855159587517,SUP06,659.46,SUP06,3,7.418391856130649,26.418391856130647,2311.6666666666665,98.919,152.87016935055686
S004,P008,9.811239193083573,3.473310386687492,SUP04,1992.51,SUP04,5,12.77485131167413,61.831047277092,3581.102305475504,298.87649999999996,109.46177334970623
S004,P009,4.802721088435374,2.149884370036901,SUP03,288.34,SUP03,8,10.002011570720752,48.42378027820374,1752.9931972789113,43.251,201.32237206334514
S004,P010,9.122252747252746,3.297725343660504,SUP06,1349.55,SUP06,3,9.395120746758,36.761878988516244,3329.6222527472523,202.43249999999998,128.24999693235893
S004,P011,19.862646566164155,6.604190379435462,SUP03,2727.57,SUP03,8,30.724995963025854,189.6261684923391,7249.865996649916,409.13550000000004,133.11635204771306
S004,P012,5.809256661991585,2.7071635374654903,SUP08,831.28,SUP08,4,8.90577552670178,32.14280217466812,2120.3786816269285,124.692,130.4029508851265
S004,P013,10.283356258596974,3.6066262500209594,SUP06,2572.71,SUP06,3,10.275170178290718,41.12523895408164,3753.4250343878957,385.9065,98.62177763515895
S004,P014,7.730891719745223,3.0207999565365764,SUP02,3423.55,SUP02,7,13.146139702613624,67.2623817408302,2821.7754777070063,513.5325,74.12714275052281
S004,P015,8.571428571428571,3.080373535800955,SUP06,528.37,SUP06,3,8.775891955223798,34.490177669509514,3128.5714285714284,79.2555,198.6819127286793
S004,P016,10.987179487179487,4.116657122983912,SUP02,19318.02,SUP02,7,17.915171618498633,94.82542802875504,4010.3205128205127,2897.703,37.20168461704061
S004,P017,10.337001375515818,3.965143351098915,SUP06,815.59,SUP06,3,11.29657466271215,42.30757878925961,3773.0055020632735,122.3385,175.61521657389997
S004,P018,6.9419795221843,3.2513054061444895,SUP01,5652.95,SUP01,8,15.126206202264704,70.6620423797391,2533.8225255972698,847.9425,54.664438907489696
S004,P019,2.6433962264150943,1.4728814440374665,SUP03,341.07,SUP03,8,6.852357945794904,27.999527757115658,964.8396226415094,51.1605,137.32834143082522
S004,P020,7.409246575342466,3.092953888089442,SUP03,2428.59,SUP03,8,14.389499736604604,73.66347233934432,2704.375,364.2885,86.1609989507879
S004,P021,19.173410404624278,6.998779173203039,SUP04,510.53,SUP04,5,25.741541453823103,121.60859347694449,6998.294797687861,76.5795,302.3011875176156
S004,P022,14.347529812606474,4.6778659551752355,SUP07,1566.2,SUP07,8,21.76306319634312,136.54330169719492,5236.848381601363,234.93,149.30204653908538
S004,P023,17.69949066213922,5.14414829149546,SUP03,802.13,SUP03,8,23.93237117778472,165.52829647489847,6460.314091680815,120.31949999999999,231.71748567963638
S004,P024,16.760416666666668,5.220850755259687,SUP01,34988.75,SUP01,8,24.28921777882281,158.37255111215615,6117.552083333334,5248.3125,34.141216737339214
S004,P025,4.226890756302521,2.0571238031497425,SUP06,61.53,SUP06,3,5.860684110268811,18.541356379176374,1542.8151260504203,9.2295,408.85362906485716
S004,P026,15.494117647058824,4.681205600952787,SUP03,615.33,SUP03,8,21.778600392749922,145.7315415692205,5655.35294117647,92.29950000000001,247.53133417455626
S004,P027,20.37912087912088,6.448543829458226,SUP06,1204.78,SUP06,3,18.371708254900195,79.50907089226284,7438.379120879121,180.71699999999998,202.88019362098842
S004,P028,4.273809523809524,2.2842758057736163,SUP03,1674.49,SUP03,8,10.627247380598904,44.81772357107509,1559.9404761904761,251.1735,78.80741909671774
S004,P029,2.2144177449168208,1.3534096458982632,SUP02,37324.28,SUP02,7,5.8898677621283175,21.390791976546062,808.2624768946396,5598.642,12.015306666971725
S004,P030,18.076791808873722,5.781128208674269,SUP03,713.27,SUP03,8,26.895823813067533,171.5101582840573,6598.029010238908,106.9905,248.33303815056
S004,P031,6.394779771615008,2.857870480809153,SUP02,17063.99,SUP02,7,12.437091212013788,57.20054961331885,2334.094616639478,2559.5985,30.197660970954775
S004,P032,4.716459197786999,2.3022553483752284,SUP06,333.73,SUP06,3,6.559056541635825,20.70843413499682,1721.5076071922545,50.0595,185.44333086250646
S004,P033,4.197486535008976,2.0428311576724143,SUP07,2764.49,SUP07,8,9.503962706476932,43.083854986548744,1532.0825852782764,414.67349999999993,60.78381394604996
S004,P034,9.189102564102564,3.707977149123277,SUP02,2182.61,SUP02,7,16.136648013052024,80.46036596176997,3354.022435897436,327.3915,101.21602600835874
S004,P035,6.479591836734694,2.933898425202401,SUP03,2556.37,SUP03,8,13.649518274180545,65.4862529680581,2365.0510204081634,383.4555,78.53491379328003
S004,P036,17.910489510489512,6.351323923905504,SUP08,1133.37,SUP08,4,20.893996384359248,92.53595442631729,6537.328671328672,170.00549999999998,196.0959725470759
S004,P037,17.06280193236715,6.270071091411252,SUP02,33750.82,SUP02,7,27.28655710374026,146.72617063031032,6227.92270531401,5062.623,35.07388010171705
S004,P038,10.56872852233677,4.05952924937329,SUP03,420.97,SUP03,8,18.886345279683137,103.4361734583773,3857.585910652921,63.1455,247.16478831486552
S004,P039,6.246043165467626,2.6908229724430828,SUP04,436.51,SUP04,5,9.89685906297042,41.12707489030855,2279.8057553956833,65.4765,186.59766059499
S004,P040,19.197431781701443,5.968124855762673,SUP05,1150.8,SUP05,7,25.97252524011909,160.3545477120292,7007.062600321026,172.61999999999998,201.47559294876217
S004,P041,12.259420289855072,4.10927722539104,SUP04,2548.71,SUP04,5,15.113940220840558,76.41104167011592,4474.688405797101,382.30649999999997,108.18711964005877
S004,P042,13.27212020033389,4.956102351037133,SUP01,8136.06,SUP01,8,23.057515907192204,129.23447750986332,4844.32387312187,1220.409,63.00338513978142
S004,P043,16.82034976152623,5.796811599339451,SUP02,37440.8,SUP02,7,25.226991595305535,142.96943992598915,6139.427662957074,5616.12,33.06326621645755
S004,P044,13.083194675540765,4.854180374725644,SUP07,2839.16,SUP07,8,22.583339341891275,127.2488967462174,4775.366056572379,425.87399999999997,105.89190726892473
S004,P045,17.233278955954322,5.764671692392905,SUP02,18666.11,SUP02,7,25.087122781472285,145.72007547315255,6290.146818923327,2799.9165,47.39776368172982
S004,P046,9.569377990430622,3.992751430966223,SUP02,4833.36,SUP02,7,17.375949703558888,84.36159563657324,3492.822966507177,725.0039999999999,69.40936730845581
S004,P047,8.43939393939394,3.274490854651697,SUP03,2697.13,SUP03,8,15.234072991508567,82.74922450666008,3080.378787878788,404.5695,87.25804785319245
S004,P048,12.601459854014598,4.934097638184454,SUP04,2809.66,SUP04,5,18.147633429675455,81.15493269974844,4599.532846715329,421.44899999999996,104.46825692536089
S004,P049,19.53187919463087,7.258306663565294,SUP03,1141.55,SUP03,8,33.76817295135437,190.02320650840136,7129.135906040268,171.2325,204.0447139394079
S004,P050,10.445969125214408,4.03167186834791,SUP07,383.33,SUP07,8,18.756743031660353,102.32449603337561,3812.7787307032586,57.4995,257.506838595193
S004,P051,16.449664429530202,6.426767805438305,SUP01,17720.45,SUP01,8,29.899564296672487,161.4968797329141,6004.127516778523,2658.0675,47.527169551837225
S004,P052,14.344067796610169,4.509780775597933,SUP01,11392.14,SUP01,8,20.98107234398393,135.73361471686528,5235.5847457627115,1708.821,55.35212656043759
S004,P053,16.420289855072465,5.835693675183703,SUP04,106.42,SUP04,5,21.463707731587924,103.56515700695024,5993.40579710145,15.963,612.7447303409774
S004,P054,13.291808873720136,4.654397917050701,SUP03,127.76,SUP03,8,21.653881701684554,127.98835269144564,4851.510238907849,19.164,503.1475879368843
S004,P055,16.34565916398714,5.776943912292154,SUP05,190.55,SUP05,7,25.140529931756312,139.5601440796663,5966.165594855306,28.5825,456.87515914296216
S004,P056,14.637362637362637,4.400553881647981,SUP06,621.31,SUP06,3,12.537046224961077,56.449134137048986,5342.6373626373625,93.19649999999999,239.42971420428023
S004,P057,20.949105914718018,5.2419578859188976,SUP08,595.26,SUP08,4,17.24450688196114,101.04093054083322,7646.423658872077,89.289,292.6376488857249
S004,P058,3.483277591973244,1.9972060786179693,SUP02,1741.9,SUP02,7,8.691588487217672,33.07453163103038,1271.396321070234,261.285,69.75626776809307
S004,P059,4.4504792332268375,2.157392817724221,SUP02,31374.03,SUP02,7,9.388700934614322,40.54205556720218,1624.4249201277958,4706.1044999999995,18.57885898425855
S004,P060,11.973972602739726,4.0130967827850945,SUP06,2105.33,SUP06,3,11.433192553519566,47.355110361738745,4370.5,315.79949999999997,117.64130764006136
S005,P001,16.423785594639867,6.612701608116014,SUP05,600.02,SUP05,7,28.77764181765285,143.74414098013193,5994.681742043551,90.003,258.08013238741165
S005,P002,4.775474956822107,2.2028652874648915,SUP02,14849.87,SUP02,7,9.586591377025181,43.014916074779926,1743.048359240069,2227.4805,27.973561498901418
S005,P003,20.40551724137931,5.539010065113517,SUP06,1322.71,SUP06,3,15.780473798186266,76.9970255223242,7448.013793103449,198.4065,193.7502573951059
S005,P004,2.3365853658536584,1.350188085141402,SUP06,2053.84,SUP06,3,3.8466454203420057,10.856401517902981,852.8536585365853,308.076,52.61484859186945
S005,P005,4.912087912087912,2.4055670218982548,SUP01,31240.12,SUP01,8,11.191536401912456,50.48823969861576,1792.912087912088,4686.018,19.560390530628194
S005,P006,14.403927068723704,4.384547208024182,SUP08,1704.4,SUP08,4,14.423876755317055,72.03958503021187,5257.433380084151,255.66,143.4020952328516
S005,P007,7.078512396694215,2.771411888000331,SUP06,659.46,SUP06,3,7.89566947314707,29.131206663229715,2583.6570247933887,98.919,161.61347631599952
S005,P008,10.45,3.8770310369232988,SUP04,1992.51,SUP04,5,14.259737689229787,66.50973768922978,3814.2499999999995,298.87649999999996,112.9688461817872
S005,P009,5.2831541218638,2.3808261803749815,SUP03,288.34,SUP03,8,11.076433382124979,53.34166635703538,1928.3512544802868,43.251,211.15190101679266
S005,P010,10.024657534246575,3.339820059629631,SUP06,1349.55,SUP06,3,9.515047331939119,39.589019934678845,3659.0,202.43249999999998,134.4438948263841
S005,P011,22.20353982300885,7.757585274517306,SUP03,2727.57,SUP03,8,36.090991105369646,213.71930968944045,8104.29203539823,409.13550000000004,140.7420780500216
S005,P012,6.281650071123756,2.823445109725307,SUP08,831.28,SUP08,4,9.288307858460138,34.41490814295516,2292.802275960171,124.692,135.60134794119767
S005,P013,11.419178082191781,3.987589029042426,SUP06,2572.71,SUP06,3,11.360521726990113,45.61805597356546,4168.0,385.9065,103.92566408257643
S005,P014,8.75,3.3746813620237854,SUP02,3423.55,SUP02,7,14.686186862845293,75.93618686284529,3193.75,513.5325,78.86176480916029
S005,P015,9.84435261707989,3.382594769318479,SUP06,528.37,SUP06,3,9.636911198863876,39.169969050103546,3593.18870523416,79.2555,212.92433907387618
S005,P016,12.553299492385786,4.756453433430161,SUP02,19318.02,SUP02,7,20.699484316909288,108.57258076360979,4581.954314720812,2897.703,39.76476700508472
S005,P017,11.43939393939394,4.198001714006868,SUP06,815.59,SUP06,3,11.959981165202807,46.278162983384625,4175.378787878788,122.3385,184.7423078448045
S005,P018,7.731448763250883,3.22577567320332,SUP01,5652.95,SUP01,8,15.007432984582021,76.85902309058909,2821.9787985865723,847.9425,57.68908778514031
S005,P019,2.730983302411874,1.5992520201282348,SUP03,341.07,SUP03,8,7.440277920410477,29.288144339705468,996.808905380334,51.1605,139.58494009183596
S005,P020,7.907801418439717,3.213870271238904,SUP03,2428.59,SUP03,8,14.952044904245344,78.21445625176308,2886.3475177304967,364.2885,89.01261889129178
S005,P021,21.149253731343283,7.731197319840209,SUP04,510.53,SUP04,5,28.43537870980907,134.18164736652548,7719.477611940299,76.5795,317.4955866681025
S005,P022,16.276481149012568,5.042520977769424,SUP07,1566.2,SUP07,8,23.459565485555032,153.67141467765558,5940.915619389587,234.93,159.02208840433136
S005,P023,19.61220825852783,5.824198617774313,SUP03,802.13,SUP03,8,27.096202371178975,183.9938684394016,7158.456014362658,120.31949999999999,243.91677604080027
S005,P024,18.695340501792113,6.28471799088579,SUP01,34988.75,SUP01,8,29.23869903871975,178.80142305305665,6823.799283154121,5248.3125,36.058136529633785
S005,P025,4.716101694915254,2.354668672109599,SUP06,61.53,SUP06,3,6.708380531327679,20.85668561607344,1721.3771186440679,9.2295,431.8659121293018
S005,P026,17.66370106761566,5.348369985378534,SUP03,615.33,SUP03,8,24.882481692414693,166.19209023333997,6447.250889679715,92.29950000000001,264.2941870053412
S005,P027,22.834710743801654,7.352988160043016,SUP06,1204.78,SUP06,3,20.94844306724593,89.4525752986509,8334.669421487604,180.71699999999998,214.7556929268247
S005,P028,4.896980461811723,2.590024961333255,SUP03,1674.49,SUP03,8,12.04969904091453,51.22554273540832,1787.397868561279,251.1735,84.35750166620059
S005,P029,2.3728813559322033,1.3445694348535187,SUP02,37324.28,SUP02,7,5.851396280710514,22.461565772235936,866.1016949152541,5598.642,12.43778643260139
S005,P030,20.055956678700362,6.5231906989636395,SUP03,713.27,SUP03,8,30.348157211791086,190.79581064139398,7320.424187725632,106.9905,261.5745670144212
S005,P031,7.119047619047619,2.9417011924625163,SUP02,17063.99,SUP02,7,12.801911876281862,62.63524520961519,2598.4523809523807,2559.5985,31.861884407015985
S005,P032,5.11921458625526,2.366926478641143,SUP06,333.73,SUP06,3,6.743302655050216,22.100946413815993,1868.5133239831698,50.0595,193.1989873671365
S005,P033,4.314946619217082,2.080061722825539,SUP07,2764.49,SUP07,8,9.677172274691818,44.196745228428476,1574.955516014235,414.67349999999993,61.62841589822479
S005,P034,10.35323383084577,4.097596977102623,SUP02,2182.61,SUP02,7,17.83222427206299,90.30486108798338,3778.930348258706,327.3915,107.43622591370254
S005,P035,7.2,3.1010414316232566,SUP03,2556.37,SUP03,8,14.427125808560525,72.02712580856053,2628.0,383.4555,82.7856751102389
S005,P036,19.975886524822695,6.866481299883556,SUP08,1133.37,SUP08,4,22.58871334101585,102.49225944030663,7291.198581560284,170.00549999999998,207.09421978290055
S005,P037,18.882747068676718,6.703924561142444,SUP02,33750.82,SUP02,7,29.174632582293007,161.35386206303005,6892.202680067002,5062.623,36.897014444142464
S005,P038,11.689285714285715,4.312053189481663,SUP03,420.97,SUP03,8,20.0611746826266,113.57546039691232,4266.589285714286,63.1455,259.93766656023104
S005,P039,6.890855457227139,2.963072406376203,SUP04,436.51,SUP04,5,10.898193712333557,45.35247099846925,2515.1622418879056,65.4765,195.99287073084352
S005,P040,21.172529313232832,6.937548534292658,SUP05,1150.8,SUP05,7,30.191334592721276,178.39903978535108,7727.973199329984,172.61999999999998,211.58615547689143
S005,P041,13.4070796460177,4.5752603654511095,SUP04,2548.71,SUP04,5,16.827828317576905,83.8632265476654,4893.58407079646,382.30649999999997,113.13778864678096
S005,P042,14.488576449912127,5.28254095971476,SUP01,8136.06,SUP01,8,24.57622211606034,140.48483371535735,5288.330404217926,1220.409,65.82738298176852
S005,P043,18.25124792013311,6.739320139309297,SUP02,37440.8,SUP02,7,29.328669665890466,157.08740510682225,6661.705490848585,5616.12,34.440902638129835
S005,P044,14.640488656195462,4.899682568420853,SUP07,2839.16,SUP07,8,22.795031409695298,139.918940659259,5343.778359511343,425.87399999999997,112.0169271801501
S005,P045,18.46843853820598,6.24191994603333,SUP02,18666.11,SUP02,7,27.16404687623382,156.44311664367567,6740.980066445183,2799.9165,49.066940783906155
S005,P046,10.764805414551608,4.192468621234802,SUP02,4833.36,SUP02,7,18.24509367934682,93.59873158120809,3929.153976311337,725.0039999999999,73.61720468271395
S005,P047,9.583629893238435,3.4482601453972044,SUP03,2697.13,SUP03,8,16.042508310586992,92.71154745649447,3498.0249110320287,404.5695,92.9854248308717
S005,P048,13.946026986506746,5.201359398932955,SUP04,2809.66,SUP04,5,19.13062339450681,88.86075832704054,5090.299850074963,421.44899999999996,109.9003736570045
S005,P049,21.901960784313726,8.109034626700689,SUP03,1141.55,SUP03,8,37.72605601213957,212.94174228664937,7994.21568627451,171.2325,216.07017914962776
S005,P050,11.48294434470377,4.296788153672971,SUP07,383.33,SUP07,8,19.990156414428583,111.85371117205874,4191.274685816876,57.4995,269.98586539493965
S005,P051,17.685964912280703,6.811649759173537,SUP01,17720.45,SUP01,8,31.690169320958198,173.17788861920383,6455.377192982456,2658.0675,49.28080677822727
S005,P052,16.2990990990991,4.887977875028501,SUP01,11392.14,SUP01,8,22.74057709560582,153.13336988839862,5949.171171171171,1708.821,59.00379509138769
S005,P053,18.237741456166418,6.489914493233653,SUP04,106.42,SUP04,5,23.86993485935135,115.05864214018344,6656.775631500743,15.963,645.7652972349902
S005,P054,14.948214285714286,5.002592925935716,SUP03,127.76,SUP03,8,23.273806268918538,142.85952055463284,5456.098214285715,19.164,533.5781151841115
S005,P055,18.297161936560936,6.477269901489578,SUP05,190.55,SUP05,7,28.188260143562854,156.2683936994894,6678.464106844742,28.5825,483.3794597983875
S005,P056,15.84022038567493,4.364664629805308,SUP06,621.31,SUP06,3,12.434798821240536,59.955459978265324,5781.68044077135,93.19649999999999,249.073337789961
S005,P057,23.206657420249652,6.194330746333788,SUP08,595.26,SUP08,4,20.377534789288305,113.20416447028691,8470.429958391123,89.289,308.0021501386627
S005,P058,3.866432337434095,2.2018913355568515,SUP02,1741.9,SUP02,7,9.582352861389937,36.6473792234286,1411.2478031634446,261.285,73.49273340502785
S005,P059,4.994854202401372,2.285838880131981,SUP02,31374.03,SUP02,7,9.94768196777053,44.911661384580135,1823.1217838765008,4706.1044999999995,19.68235482873463
S005,P060,13.46694214876033,4.44936362928612,SUP06,2105.33,SUP06,3,12.676103734271445,53.07693018055243,4915.43388429752,315.79949999999997,124.7599552876813
S006,P001,18.6415770609319,7.568990338453478,SUP05,600.02,SUP05,7,32.93928953545302,163.43032896197633,6804.1756272401435,90.003,274.95350776582507
S006,P002,5.416819012797075,2.454332069371233,SUP02,14849.87,SUP02,7,10.680943036543093,48.59867612612261,1977.1389396709324,2227.4805,29.79282183004562
S006,P003,23.378116343490305,6.545453392126332,SUP06,1322.71,SUP06,3,18.647800696780674,88.78214972725159,8533.012465373962,198.4065,207.38304266949385
S006,P004,2.632398753894081,1.4529791365220954,SUP06,2053.84,SUP06,3,4.139494047431079,12.036690309113322,960.8255451713396,308.076,55.84616267776347
S006,P005,5.77906976744186,2.725219846298098,SUP01,31240.12,SUP01,8,12.67867277669615,58.911230916231034,2109.360465116279,4686.018,21.216484516504995
S006,P006,16.112375533428164,5.137167279118482,SUP08,1704.4,SUP08,4,16.89977646262892,81.34927859634158,5881.01706970128,255.66,151.66830305638604
S006,P007,8.376044568245126,3.1340279282727512,SUP06,659.46,SUP06,3,8.928751712582162,34.05688541731754,3057.256267409471,98.919,175.80291154809325
S006,P008,12.329153605015675,4.204893191868061,SUP04,1992.51,SUP04,5,15.465616178004552,77.11138420308293,4500.141065830721,298.87649999999996,122.70639002602736
S006,P009,6.276803118908382,2.7008006470286268,SUP03,288.34,SUP03,8,12.565066148802577,62.779491100069635,2291.0331384015594,43.251,230.15351337104724
S006,P010,11.489597780859917,3.5142906632452644,SUP06,1349.55,SUP06,3,10.012108856750379,44.48090219933013,4193.70319001387,202.43249999999998,143.93245255935554
S006,P011,25.908221797323137,8.76640166618745,SUP03,2727.57,SUP03,8,40.784356647649645,248.05013102623474,9456.500956022945,409.13550000000004,152.0308253884725
S006,P012,7.20353982300885,3.1056986513323235,SUP08,831.28,SUP08,4,10.216839381724537,39.03099867375994,2629.29203539823,124.692,145.211201044938
S006,P013,13.21161825726141,4.5371080650214655,SUP06,2572.71,SUP06,3,12.926085003989517,52.56093977577375,4822.240663900415,385.9065,111.78496460720797
S006,P014,10.320855614973262,3.677694830544772,SUP02,3423.55,SUP02,7,16.004863189071656,88.2508524938845,3767.1122994652405,513.5325,85.64860946485165
S006,P015,11.191724137931034,3.7291502047734495,SUP06,528.37,SUP06,3,10.62423725614269,44.1994096699358,4084.9793103448274,79.2555,227.02841940187866
S006,P016,14.201077199281867,5.3293471723652885,SUP02,19318.02,SUP02,7,23.192645477911395,122.60018587288447,5183.393177737881,2897.703,42.2941344148336
S006,P017,13.362622036262204,5.031426137910166,SUP06,815.59,SUP06,3,14.334382390253648,54.422248499040265,4877.357043235705,122.3385,199.66902573170316
S006,P018,8.822975517890772,3.8479006034611234,SUP01,5652.95,SUP01,8,17.90177504204141,88.48557918516758,3220.386064030132,847.9425,61.62696323061576
S006,P019,3.389344262295082,1.8617651811275788,SUP03,341.07,SUP03,8,8.66158066132805,35.77633475968871,1237.110655737705,51.1605,155.50232389747862
S006,P020,9.326923076923077,3.85788562018445,SUP03,2428.59,SUP03,8,17.948228820762004,92.56361343614662,3404.326923076923,364.2885,96.67026274172758
S006,P021,24.06697819314642,8.894082937057386,SUP04,510.53,SUP04,5,32.71247726954987,153.04736823528197,8784.447040498442,76.5795,338.688890393695
S006,P022,18.391136801541425,5.453488704735509,SUP07,1566.2,SUP07,8,25.371530620794857,172.50062503312625,6712.76493256262,234.93,169.03688474930266
S006,P023,22.770554493307838,6.6888233161583335,SUP03,802.13,SUP03,8,31.118737888947066,213.28317383540977,8311.252390057361,120.31949999999999,262.8241243652945
S006,P024,21.475633528265107,6.7140165621396966,SUP01,34988.75,SUP01,8,31.235945651988423,203.04101387810928,7838.6062378167635,5248.3125,38.64644775134899
S006,P025,5.49645390070922,2.6166645620035323,SUP06,61.53,SUP06,3,7.4547989756167805,23.944160677744442,2006.2056737588653,9.2295,466.2283090992245
S006,P026,20.407692307692308,6.115076480925712,SUP03,615.33,SUP03,8,28.449467594860227,191.7110060563987,7448.807692307692,92.29950000000001,284.08199348173184
S006,P027,26.175,9.0653591839987,SUP06,1204.78,SUP06,3,25.826936833938923,104.35193683393894,9553.875,180.71699999999998,229.92715900443213
S006,P028,5.489402697495183,2.6125963486828594,SUP03,1674.49,SUP03,8,12.15470900358247,56.06993058354393,2003.6319845857417,251.1735,89.31452014289026
S006,P029,2.792563600782779,1.5492007690766856,SUP02,37324.28,SUP02,7,6.74192599003766,26.289871195517115,1019.2857142857143,5598.642,13.492940952231931
S006,P030,23.725868725868725,7.4570431130891786,SUP03,713.27,SUP03,8,34.69276419698854,224.49971400393835,8659.942084942084,106.9905,284.50171273198436
S006,P031,7.921985815602837,3.346896809287476,SUP02,17063.99,SUP02,7,14.56527200019251,70.01917270941237,2891.5248226950357,2559.5985,33.610698566667814
S006,P032,6.098591549295775,2.736963868077402,SUP06,333.73,SUP06,3,7.797528096005154,26.09330274389248,2225.9859154929577,50.0595,210.87153154114924
S006,P033,5.073929961089494,2.452349258155103,SUP07,2764.49,SUP07,8,11.409183673954885,52.00062336267084,1851.9844357976654,414.67349999999993,66.82908655760083
S006,P034,12.16970802919708,4.396112865259901,SUP02,2182.61,SUP02,7,19.13132769686067,104.31928390124023,4441.943430656935,327.3915,116.48038886202353
S006,P035,8.30560928433269,3.44269638473,SUP03,2556.37,SUP03,8,16.016623756354363,82.46149803101588,3031.5473887814314,383.4555,88.91493084794122
S006,P036,22.902332361516034,7.856417365582178,SUP08,1133.37,SUP08,4,25.845313197244753,117.45464264330889,8359.351311953353,170.00549999999998,221.7454936355116
S006,P037,22.09927797833935,7.552533281715015,SUP02,33750.82,SUP02,7,32.86767050404066,187.56261635241611,8066.236462093863,5062.623,39.91606127971268
S006,P038,13.394285714285715,4.968869281950605,SUP03,420.97,SUP03,8,23.116912120541546,130.27119783482726,4888.914285714286,63.1455,278.24989449827825
S006,P039,8.20926517571885,3.2935297204017044,SUP04,436.51,SUP04,5,12.113617207944927,53.15994308653917,2996.38178913738,65.4765,213.9221950562213
S006,P040,25.32051282051282,7.8734148259148835,SUP05,1150.8,SUP05,7,34.264106437811755,211.5076961814015,9241.98717948718,172.61999999999998,231.38602466031858
S006,P041,15.535714285714286,4.942307683995331,SUP04,2548.71,SUP04,5,18.17783001530108,95.85640144387251,5670.535714285715,382.30649999999997,121.78847826587052
S006,P042,16.962049335863377,6.119724543789364,SUP01,8136.06,SUP01,8,28.471092003685012,164.16748669059203,6191.148007590133,1220.409,71.22507125696525
S006,P043,21.66488413547237,7.947258985860292,SUP02,37440.8,SUP02,7,34.58546689094732,186.2396558392539,7907.682709447415,5616.12,37.523766793025175
S006,P044,17.0,6.012167150550109,SUP07,2839.16,SUP07,8,27.970697514246897,163.9706975142469,6205.0,425.87399999999997,120.70640889007268
S006,P045,21.620938628158846,7.129694559107874,SUP02,18666.11,SUP02,7,31.027529813148515,182.37410021026042,7891.642599277979,2799.9165,53.08980917259939
S006,P046,12.382671480144404,4.7194096632946465,SUP02,4833.36,SUP02,7,20.538274510129725,107.21697487114055,4519.675090252707,725.0039999999999,78.95568511995309
S006,P047,11.366471734892787,4.115306630112031,SUP03,2697.13,SUP03,8,19.145841099694987,110.07761497883729,4148.762183235867,404.5695,101.26577738878635
S006,P048,16.08411214953271,6.586690350404687,SUP04,2809.66,SUP04,5,24.225876899733993,104.64643764739755,5870.7009345794395,421.44899999999996,118.02458029024932
S006,P049,25.362595419847327,9.055924280283472,SUP03,1141.55,SUP03,8,42.131316780265536,245.03208013904415,9257.347328244274,171.2325,232.51457445847714
S006,P050,13.300191204588911,4.583384530723364,SUP07,383.33,SUP07,8,21.323502672178936,127.72503230889022,4854.5697896749525,57.4995,290.5650268818048
S006,P051,21.163498098859314,8.375922313222535,SUP01,17720.45,SUP01,8,38.967710570811754,208.27569536168627,7724.676806083649,2658.0675,53.908488642500934
S006,P052,18.709615384615386,5.610537828635073,SUP01,11392.14,SUP01,8,26.102177894809895,175.779100971733,6829.009615384616,1708.821,63.2165187086987
S006,P053,21.253521126760564,7.6421666388835865,SUP04,106.42,SUP04,5,28.107923462573694,134.3755290963765,7757.5352112676055,15.963,697.1153102352799
S006,P054,17.09514563106796,5.492183668416592,SUP03,127.76,SUP03,8,25.55155308147267,162.31271813001635,6239.728155339806,19.164,570.6104928506238
S006,P055,20.862989323843415,7.410361558499914,SUP05,190.55,SUP05,7,32.24895712942518,178.2898823963291,7614.991103202847,28.5825,516.1602951604359
S006,P056,18.29711141678129,4.941785617377606,SUP06,621.31,SUP06,3,14.078999231730565,68.97033348207444,6678.445667125171,93.19649999999999,267.693543887958
S006,P057,26.94842406876791,7.331673319770008,SUP08,595.26,SUP08,4,24.11905890329408,131.91275517836573,9836.174785100287,89.289,331.9052630864843
S006,P058,4.351985559566787,2.4533118980738102,SUP02,1741.9,SUP02,7,10.676503379965535,41.14040229693305,1588.4747292418772,261.285,77.97096620079073
S006,P059,5.750909090909091,2.591451037523336,SUP02,31374.03,SUP02,7,11.277667459590452,51.53403109595409,2099.081818181818,4706.1044999999995,21.1195130336642
S006,P060,15.427576601671309,4.7676463647732366,SUP06,2105.33,SUP06,3,13.58288171602739,59.865611521041316,5631.065459610028,315.79949999999997,133.5332960352345
S007,P001,20.445488721804512,7.586713926174671,SUP05,600.02,SUP05,7,33.01642034966339,176.13484140229497,7462.603383458647,90.003,287.9497378653287
S007,P002,5.765799256505576,2.497854090679331,SUP02,14849.87,SUP02,7,10.870345373834027,51.23094016937306,2104.5167286245355,2227.4805,30.73754911790054
S007,P003,25.11218836565097,7.134327628491345,SUP06,1322.71,SUP06,3,20.32548576110536,95.66205085805827,9165.948753462604,198.4065,214.93679288921794
S007,P004,2.8622848200312987,1.580584126857309,SUP06,2053.84,SUP06,3,4.503036843495917,13.089891303589813,1044.733959311424,308.076,58.23363800663286
S007,P005,6.240083507306889,2.8715129468436316,SUP01,31240.12,SUP01,8,13.35927928036031,63.279947338815425,2277.6304801670144,4686.018,22.04650020809443
S007,P006,17.78955223880597,5.3657451509478395,SUP08,1704.4,SUP08,4,17.651730745667656,88.80993970089153,6493.186567164179,255.66,159.36668849946753
S007,P007,9.051893408134642,3.3079492153136396,SUP06,659.46,SUP06,3,9.424248250922416,36.57992847532634,3303.9410939691443,98.919,182.7579547396345
S007,P008,13.46116504854369,4.6294750064074695,SUP04,1992.51,SUP04,5,17.02723001222183,84.33305525494026,4913.325242718447,298.87649999999996,128.2158962362311
S007,P009,6.691836734693878,2.845894451471039,SUP03,288.34,SUP03,8,13.240093108902759,66.77478698645378,2442.5204081632655,43.251,237.64080997731665
S007,P010,12.491620111731844,3.933885376416521,SUP06,1349.55,SUP06,3,11.207521628927893,48.68238196412342,4559.441340782123,202.43249999999998,150.07753817073083
S007,P011,28.086693548387096,8.882541289088518,SUP03,2727.57,SUP03,8,41.324678661365986,266.01822704846273,10251.64314516129,409.13550000000004,158.29352777973696
S007,P012,7.860778443113772,3.262630260189929,SUP08,831.28,SUP08,4,10.73309843375006,42.17621220620515,2869.184131736527,124.692,151.69103504509016
S007,P013,14.12674094707521,4.8542877527926125,SUP06,2572.71,SUP06,3,13.829720435835752,56.209943277061384,5156.260445682451,385.9065,115.59162683299287
S007,P014,11.231775700934579,3.874254746042929,SUP02,3423.55,SUP02,7,16.860267104011896,95.48269701055395,4099.598130841121,513.5325,89.34837868241497
S007,P015,11.953910614525139,3.9834410837269245,SUP06,528.37,SUP06,3,11.348704355005205,47.21043619858062,4363.177374301676,79.2555,234.63172265299605
S007,P016,15.864406779661017,5.739344070098326,SUP02,19318.02,SUP02,7,24.97690016964422,136.02774762727134,5790.5084745762715,2897.703,44.702459210001514
S007,P017,14.346423562412342,5.2584113170015385,SUP06,815.59,SUP06,3,14.981056367935725,58.02032705517276,5236.444600280505,122.3385,206.88865725401652
S007,P018,9.911290322580646,3.824983468424974,SUP01,5652.95,SUP01,8,17.79515654060294,97.08547912124811,3617.6209677419356,847.9425,65.31731584183798
S007,P019,3.3818565400843883,1.8540190993658543,SUP03,341.07,SUP03,8,8.625543188574486,35.68039550924959,1234.3776371308018,51.1605,155.33046145165002
S007,P020,10.265182186234817,3.6395007608519423,SUP03,2428.59,SUP03,8,16.932226322973495,99.05368381285203,3746.7914979757084,364.2885,101.416129598176
S007,P021,26.294975688816855,9.602515432812122,SUP04,510.53,SUP04,5,35.318095193105535,166.79297363718982,9597.666126418153,76.5795,354.0189876310169
S007,P022,20.435845213849287,6.57278388574015,SUP07,1566.2,SUP07,8,30.578882005589673,194.06564371638396,7459.08350305499,234.93,178.1859657264838
S007,P023,24.897590361445783,7.362389755667218,SUP03,802.13,SUP03,8,34.252403780709145,233.43312667227542,9087.62048192771,120.31949999999999,274.8255346975906
S007,P024,23.05702647657841,7.632423219485297,SUP01,34988.75,SUP01,8,35.50869359202763,219.96490540465493,8415.81466395112,5248.3125,40.044072427422805
S007,P025,5.853067047075606,2.6532637330138984,SUP06,61.53,SUP06,3,7.559068917786057,25.118270059012875,2136.369472182596,9.2295,481.11521856305416
S007,P026,22.20731707317073,6.5664166959709,SUP03,615.33,SUP03,8,30.549259619087128,208.207796204453,8105.670731707317,92.29950000000001,296.3430898185668
S007,P027,28.415147265077138,9.264156826111492,SUP06,1204.78,SUP06,3,26.393305362904186,111.6387471581356,10371.528751753156,180.71699999999998,239.56418076622685
S007,P028,6.078629032258065,2.954856802403625,SUP03,1674.49,SUP03,8,13.747023951319159,62.37605620938368,2218.6995967741937,251.1735,93.985821877289
S007,P029,3.0470347648261757,1.6321050223918803,SUP02,37324.28,SUP02,7,7.102714824685282,28.431958178468513,1112.167689161554,5598.642,14.09430897842694
S007,P030,25.807692307692307,8.242856735300155,SUP03,713.27,SUP03,8,38.34864311369943,244.8101815752379,9419.807692307691,106.9905,296.7210859495052
S007,P031,8.916044776119403,3.8215380802663637,SUP02,17063.99,SUP02,7,16.63085083582932,79.04316426866514,3254.356343283582,2559.5985,35.65715009475913
S007,P032,6.398876404494382,2.7616825374372658,SUP06,333.73,SUP06,3,7.8679508447587905,27.06458005824194,2335.5898876404494,50.0595,216.00064070144953
S007,P033,5.763975155279503,2.6649302139126676,SUP07,2764.49,SUP07,8,12.398184388986616,58.50998563122264,2103.8509316770187,414.67349999999993,71.22858897584483
S007,P034,12.801125703564727,4.70979608704425,SUP02,2182.61,SUP02,7,20.49643744105934,110.10431736601244,4672.4108818011255,327.3915,119.46393436829436
S007,P035,9.038383838383838,3.467101225087239,SUP03,2556.37,SUP03,8,16.1301635815825,88.4372342886532,3299.010101010101,383.4555,92.75436081342887
S007,P036,24.78624813153961,8.755189520343972,SUP08,1133.37,SUP08,4,28.802010474370604,127.94700300052905,9046.980568011959,170.00549999999998,230.68552417741014
S007,P037,23.858757062146893,7.9958015846125425,SUP02,33750.82,SUP02,7,34.79671814687512,201.80801758190339,8708.446327683616,5062.623,41.47463243681935
S007,P038,14.472440944881889,5.350922826496843,SUP03,420.97,SUP03,8,24.894358399255022,140.67388595831014,5282.44094488189,63.1455,289.23185440159835
S007,P039,8.672609400324149,3.355037668625866,SUP04,436.51,SUP04,5,12.339843719707726,55.70289072132847,3165.5024311183142,65.4765,219.8763897481088
S007,P040,27.571976967370443,8.171897301554939,SUP05,1150.8,SUP05,7,35.56306445555649,228.5669032271496,10063.771593090212,172.61999999999998,241.4542363732746
S007,P041,16.74317817014446,5.40913073878172,SUP04,2548.71,SUP04,5,19.89480732219968,103.61069817292199,6111.2600321027285,382.30649999999997,126.43273729561642
S007,P042,18.706237424547282,6.225777361746251,SUP01,8136.06,SUP01,8,28.96448668439247,178.61438608077071,6827.776659959758,1220.409,74.79747761884391
S007,P043,23.62825278810409,8.50519072066139,SUP02,37440.8,SUP02,7,37.01351530055673,202.41128481728538,8624.312267657991,5616.12,39.187183186691875
S007,P044,18.622754491017965,6.2157381860568055,SUP07,2839.16,SUP07,8,28.917780939280888,177.8998168674246,6797.305389221557,425.87399999999997,126.33620521453435
S007,P045,23.556797020484172,7.755897814941351,SUP02,18666.11,SUP02,7,33.75268725550255,198.65026639889174,8598.230912476723,2799.9165,55.41559647547826
S007,P046,13.450281425891182,4.898199081699198,SUP02,4833.36,SUP02,7,21.31634346719832,115.4683134484366,4909.352720450282,725.0039999999999,82.28902499006062
S007,P047,11.956262425447315,4.307187954387641,SUP03,2697.13,SUP03,8,20.038539912876708,115.68863931645524,4364.03578528827,404.5695,103.85982397735056
S007,P048,17.09061488673139,6.463326986275119,SUP04,2809.66,SUP04,5,23.77214588850521,109.22522032216216,6238.074433656958,421.44899999999996,121.66138674386131
S007,P049,27.592,9.967760455438029,SUP03,1141.55,SUP03,8,46.37349654658529,267.10949654658526,10071.08,171.2325,242.51852835097054
S007,P050,14.481707317073171,4.636004355764492,SUP07,383.33,SUP07,8,21.56830844231514,137.4219669789005,5285.823170731707,57.4995,303.19656803183096
S007,P051,22.416666666666668,8.717626849816648,SUP01,17720.45,SUP01,8,40.55743919827437,219.89077253160772,8182.083333333334,2658.0675,55.48159611322572
S007,P052,20.316532258064516,6.059853722854346,SUP01,11392.14,SUP01,8,28.192552072846627,190.72481013736277,7415.534274193548,1708.821,65.87535020497498
S007,P053,22.982315112540192,8.276307829109944,SUP04,106.42,SUP04,5,30.44029762838379,145.35187319108474,8388.54501607717,15.963,724.9132917743958
S007,P054,18.7010101010101,5.878966400753903,SUP03,127.76,SUP03,8,27.351001190454628,176.95908199853545,6825.868686868687,19.164,596.8097142711904
S007,P055,22.869888475836433,7.9433389394569005,SUP05,190.55,SUP05,7,34.56840734433676,194.6576266751918,8347.509293680298,28.5825,540.4161878007505
S007,P056,19.94853963838665,5.43422251354959,SUP06,621.31,SUP06,3,15.481937201864564,75.32755611702451,7281.2169680111265,93.19649999999999,279.51311159790987
S007,P057,29.236686390532544,8.135894876912438,SUP08,595.26,SUP08,4,26.76471239357065,143.71145795570084,10671.39053254438,89.289,345.70966981851603
S007,P058,5.064453125,2.752288870230683,SUP02,1741.9,SUP02,7,11.97761338406689,47.42878525906689,1848.525390625,261.285,84.11151801068922
S007,P059,6.297348484848484,2.697358426635852,SUP02,31374.03,SUP02,7,11.738563034552149,55.82000242849154,2298.532196969697,4706.1044999999995,22.10011392762005
S007,P060,16.596662030598054,5.2559863719537505,SUP06,2105.33,SUP06,3,14.974147772114662,64.76413386390882,6057.78164116829,315.79949999999997,138.50041933838122
S008,P001,21.878612716763005,8.379897876419507,SUP05,600.02,SUP05,7,36.46825667441782,189.61854569175887,7985.693641618497,90.003,297.87072999136797
S008,P002,6.227897838899803,2.602075129904698,SUP02,14849.87,SUP02,7,11.323902167173998,54.91918703947262,2273.182711198428,2227.4805,31.94553875183963
S008,P003,26.814245810055866,7.935253261585726,SUP06,1322.71,SUP06,3,22.607298904386333,103.05003633455394,9787.19972067039,198.4065,222.10139043014107
S008,P004,2.9952380952380953,1.6299003228594737,SUP06,2053.84,SUP06,3,4.64353720902873,13.629251494743016,1093.2619047619048,308.076,59.570764570506995
S008,P005,6.569296375266524,3.134109924153086,SUP01,31240.12,SUP01,8,14.580971963972116,67.1353429661043,2397.7931769722813,4686.018,22.620587687104152
S008,P006,18.91371340523883,5.949785755906971,SUP08,1704.4,SUP08,4,19.573053360375575,95.2279069813309,6903.505392912173,255.66,164.32492469678
S008,P007,9.364153627311522,3.4278847878560863,SUP06,659.46,SUP06,3,9.76594110537253,37.85840198730709,3417.9160739687054,98.919,185.88349888612117
S008,P008,14.273927392739274,4.806422709337491,SUP04,1992.51,SUP04,5,17.678044463915313,89.04768142761168,5209.983498349835,298.87649999999996,132.02989852524996
S008,P009,7.518201284796574,3.0820661124689157,SUP03,288.34,SUP03,8,14.33884600877921,74.4844562871518,2744.1434689507496,43.251,251.88675416777104
S008,P010,13.151898734177216,4.318906182713735,SUP06,1349.55,SUP06,3,12.304434375809716,51.76013057834136,4800.443037974684,202.43249999999998,153.99284445800964
S008,P011,29.78423236514523,9.676853684259127,SUP03,2727.57,SUP03,8,45.020096832682334,283.29395575384416,10871.244813278008,409.13550000000004,163.00692537717939
S008,P012,8.281155015197568,3.443606636942966,SUP08,831.28,SUP08,4,11.328457733139597,44.453077793929864,3022.621580547112,124.692,155.69425722693856
S008,P013,15.012802275960171,4.9084038608135625,SUP06,2572.71,SUP06,3,13.983895606966609,59.02230243484712,5479.6728307254625,385.9065,119.1615840571843
S008,P014,11.87065637065637,4.068640741005452,SUP02,3423.55,SUP02,7,17.706210391477626,100.80080498607221,4332.789575289575,513.5325,91.85437190830159
S008,P015,12.679830747531735,4.262290566733802,SUP06,528.37,SUP06,3,12.143138181356745,50.18263042395195,4628.138222849083,79.2555,241.6509214054483
S008,P016,16.292543021032504,5.920326845490616,SUP02,19318.02,SUP02,7,25.764514339170905,139.81231548639843,5946.778202676864,2897.703,45.301641117197704
S008,P017,15.389127324749643,5.66370809205065,SUP06,815.59,SUP06,3,16.135734742585118,62.30311671683404,5617.03147353362,122.3385,214.27517231636978
S008,P018,10.739872068230277,4.437665223196892,SUP01,5652.95,SUP01,8,20.64556565367214,106.56454219951435,3920.053304904051,847.9425,67.99277785272162
S008,P019,3.5323590814196244,1.8336969278187822,SUP03,341.07,SUP03,8,8.530997361929634,36.78987001328663,1289.311064718163,51.1605,158.74917052159304
S008,P020,10.90495867768595,3.825280433074636,SUP03,2428.59,SUP03,8,17.796538123679408,105.03620754516702,3980.309917355372,364.2885,104.52873956893366
S008,P021,27.960199004975124,10.390310204211096,SUP04,510.53,SUP04,5,38.21560792542837,178.016602950304,10205.47263681592,76.5795,365.0566785561363
S008,P022,21.44467213114754,5.954051671687023,SUP07,1566.2,SUP07,8,27.700324046665205,199.25770109584553,7827.305327868853,234.93,182.53111142957957
S008,P023,26.219959266802444,7.644958909832761,SUP03,802.13,SUP03,8,35.56701399365005,245.3266881280696,9570.285132382893,120.31949999999999,282.02942977226195
S008,P024,24.861344537815125,8.250658505074584,SUP01,34988.75,SUP01,8,38.38493966650176,237.27569596902276,9074.39075630252,5248.3125,41.58137967566977
S008,P025,6.06241134751773,2.7714181174426256,SUP06,61.53,SUP06,3,7.895687220641612,26.0829212631948,2212.7801418439717,9.2295,489.64355855739456
S008,P026,23.79201680672269,6.7568927246441115,SUP03,615.33,SUP03,8,31.43542050721978,221.7715549610013,8684.08613445378,92.29950000000001,306.7343311694522
S008,P027,30.056899004267425,9.669298495241025,SUP06,1204.78,SUP06,3,27.54754184543367,117.71823885823595,10970.76813655761,180.71699999999998,246.38769463408119
S008,P028,6.474226804123711,3.097895791805038,SUP03,1674.49,SUP03,8,14.412491195509867,66.20630562849956,2363.092783505155,251.1735,96.99592259971584
S008,P029,3.092741935483871,1.698325896416787,SUP02,37324.28,SUP02,7,7.390899700773107,29.040093249160204,1128.850806451613,5598.642,14.199626624692348
S008,P030,27.40546218487395,8.56120328462491,SUP03,713.27,SUP03,8,39.82970224144711,259.0733997204387,10002.993697478993,106.9905,305.76825096031456
S008,P031,9.364161849710984,3.89539214237361,SUP02,17063.99,SUP02,7,16.952254381921964,82.50138732989885,3417.919075144509,2559.5985,36.54222307274987
S008,P032,6.845050215208034,3.0619244528945266,SUP06,333.73,SUP06,3,8.723331070520027,29.258481716144132,2498.4433285509326,50.0595,223.40428441864245
S008,P033,5.855626326963907,2.5357791157553855,SUP07,2764.49,SUP07,8,11.797328456386735,58.64233907209799,2137.303609341826,414.67349999999993,71.79264738150995
S008,P034,13.63776493256262,5.055273596337375,SUP02,2182.61,SUP02,7,21.999911906970542,117.46426643490888,4977.784200385357,327.3915,123.30603491140457
S008,P035,9.354037267080745,3.7284539049624676,SUP03,2556.37,SUP03,8,17.346067359749906,92.17836549639587,3414.223602484472,383.4555,94.36012216289302
S008,P036,25.969834087481146,9.598699927842194,SUP08,1133.37,SUP08,4,31.576912780660134,135.45624913058472,9478.989441930618,170.00549999999998,236.1291119738403
S008,P037,25.12475633528265,8.817819271684451,SUP02,33750.82,SUP02,7,38.37403525087045,214.247329597849,9170.536062378167,5062.623,42.56077892569057
S008,P038,15.481171548117155,5.38172436261498,SUP03,420.97,SUP03,8,25.037657883145073,148.8870302680823,5650.627615062762,63.1455,299.1418261734553
S008,P039,9.424242424242424,3.583523026779447,SUP04,436.51,SUP04,5,13.180213900413154,60.301426021625275,3439.8484848484845,65.4765,229.20649951167212
S008,P040,29.559055118110237,9.277364060877446,SUP05,1150.8,SUP05,7,40.37391610536625,247.28730193213792,10789.055118110236,172.61999999999998,250.00353511705475
S008,P041,17.90909090909091,5.739661018672751,SUP04,2548.71,SUP04,5,21.110499186594485,110.65595373204903,6536.818181818182,382.30649999999997,130.76073761140958
S008,P042,20.18448637316562,6.959330415361174,SUP01,8136.06,SUP01,8,32.37723121719173,193.8531222025167,7367.337526205451,1220.409,77.69670164228442
S008,P043,25.137065637065636,8.811728198752018,SUP02,37440.8,SUP02,7,38.347527671136376,214.30698713059581,9175.028957528957,5616.12,40.41899701205586
S008,P044,19.902083333333334,6.761427798942037,SUP07,2839.16,SUP07,8,31.456519253847326,190.673185920514,7264.260416666667,425.87399999999997,130.60359725522633
S008,P045,25.05675146771037,7.873429405463448,SUP02,18666.11,SUP02,7,34.26416988616484,209.66143016013743,9145.714285714284,2799.9165,57.1526372098476
S008,P046,14.296511627906977,5.491323026769644,SUP02,4833.36,SUP02,7,23.897543929012812,123.97312532436165,5218.226744186047,725.0039999999999,84.83816605447932
S008,P047,13.26215644820296,4.298574014742315,SUP03,2697.13,SUP03,8,19.998464862700608,126.09571644832428,4840.68710359408,404.5695,109.38478972022371
S008,P048,18.637873754152825,6.374222275278067,SUP04,2809.66,SUP04,5,23.444418358446306,116.63378712921042,6802.8239202657805,421.44899999999996,127.0492486996808
S008,P049,29.006147540983605,10.737007482842033,SUP03,1141.55,SUP03,8,49.952301888895555,282.0014822167644,10587.243852459016,171.2325,248.65566577813772
S008,P050,15.881856540084389,5.236355260973229,SUP07,383.33,SUP07,8,24.36135014450092,151.41620246517604,5796.877637130802,57.4995,317.5155742897267
S008,P051,24.204453441295545,9.15323130990555,SUP01,17720.45,SUP01,8,42.58402300472903,236.2196505350934,8834.625506072874,2658.0675,57.65156083381448
S008,P052,21.31967213114754,6.335929802572244,SUP01,11392.14,SUP01,8,29.476954239875848,200.03433128905618,7781.680327868853,1708.821,67.48207166470532
S008,P053,24.23567921440262,9.074198893704152,SUP04,106.42,SUP04,5,33.37494457274324,154.55334064475633,8846.022913256957,15.963,744.4178411845179
S008,P054,20.073221757322177,6.49664277733485,SUP03,127.76,SUP03,8,30.224647025378047,190.81042108395548,7326.725941422595,19.164,618.3180040343767
S008,P055,23.975238095238094,8.900926070616274,SUP05,190.55,SUP05,7,38.73570553844798,206.56237220511463,8750.961904761903,28.5825,553.3218120754194
S008,P056,21.090267983074753,5.824192537459113,SUP06,621.31,SUP06,3,16.592950121509112,79.86375407073336,7697.947813822285,93.19649999999999,287.4006062692402
S008,P057,30.412650602409638,9.071106212915964,SUP08,595.26,SUP08,4,29.841283909553713,151.49188631919228,11100.617469879518,89.289,352.59373307039436
S008,P058,5.059730250481696,2.6168257032273967,SUP02,1741.9,SUP02,7,11.388094798392176,46.80620655176405,1846.801541425819,261.285,84.07228960909111
S008,P059,6.807465618860511,2.928656819941998,SUP02,31374.03,SUP02,7,12.745144415359267,60.39740374738284,2484.7249508840864,4706.1044999999995,22.977796416283052
S008,P060,17.44222539229672,5.702243935302764,SUP06,2105.33,SUP06,3,16.245522205973405,68.57219838286356,6366.412268188303,315.79949999999997,141.9847366675436
S009,P001,16.24873949579832,6.44938680490603,SUP05,600.02,SUP05,7,28.066916430538885,141.8080929011271,5930.789915966387,90.003,256.7011281964286
S009,P002,4.602409638554217,2.0782770659710947,SUP02,14849.87,SUP02,7,9.044399180049826,41.26126664992934,1679.8795180722893,2227.4805,27.46199679350403
S009,P003,20.38121546961326,5.900135325637812,SUP06,1322.71,SUP06,3,16.809308850763493,77.95295525960327,7439.14364640884,198.4065,193.6348504393883
S009,P004,2.280448717948718,1.3371596561374277,SUP06,2053.84,SUP06,3,3.8095278162734285,10.650873970119584,832.3637820512821,308.076,51.97896815725273
S009,P005,4.990808823529412,2.443073436484175,SUP01,31240.12,SUP01,8,11.366029317853876,51.292499906089176,1821.6452205882354,4686.018,19.716504539890266
S009,P006,14.337062937062937,4.455470283956057,SUP08,1704.4,SUP08,4,14.657192912679252,72.005444660931,5233.027972027972,255.66,143.068866314783
S009,P007,7.0248275862068965,2.752084369151597,SUP06,659.46,SUP06,3,7.840605950750285,28.915088709370973,2564.062068965517,98.919,160.99945591773263
S009,P008,10.535087719298245,3.732285224062895,SUP04,1992.51,SUP04,5,13.727361934858303,66.40280053134953,3845.3070175438593,298.87649999999996,113.4278305881565
S009,P009,5.23021582733813,2.562562194051038,SUP03,288.34,SUP03,8,11.921932673593096,53.76365929229814,1909.0287769784175,43.251,210.09134476922813
S009,P010,9.854595336076818,3.3022193472898755,SUP06,1349.55,SUP06,3,9.407924028515678,38.97171003674613,3596.9272976680386,202.43249999999998,133.298637582542
S009,P011,22.45053003533569,7.5123632425806495,SUP03,2727.57,SUP03,8,34.95013272479358,214.5543730074791,8194.443462897527,409.13550000000004,141.52271433313692
S009,P012,6.207142857142857,2.825128476629425,SUP08,831.28,SUP08,4,9.293845642775596,34.12241707134702,2265.607142857143,124.692,134.79475918611044
S009,P013,11.474622770919067,3.8701060058141854,SUP06,2572.71,SUP06,3,11.025816112089416,45.449684424846616,4188.237311385459,385.9065,104.17765895580881
S009,P014,8.768456375838927,3.1955975440658912,SUP02,3423.55,SUP02,7,13.906836716120875,75.28603134699337,3200.4865771812083,513.5325,78.94489256094423
S009,P015,9.55448275862069,3.251242416801623,SUP06,528.37,SUP06,3,9.262692280166192,37.92614055602826,3487.386206896552,79.2555,209.7661066976898
S009,P016,12.602023608768972,5.045080151586115,SUP02,19318.02,SUP02,7,21.955551323456568,110.16971658483936,4599.7386172006745,2897.703,39.84186333861496
S009,P017,11.512362637362637,4.171345353496211,SUP06,815.59,SUP06,3,11.884037992388798,46.42112590447671,4202.0123626373625,122.3385,185.33058101244097
S009,P018,7.7839285714285715,3.4274633639424796,SUP01,5652.95,SUP01,8,15.945754433195745,78.21718300462432,2841.1339285714284,847.9425,57.884548697573585
S009,P019,2.894941634241245,1.5760926147628493,SUP03,341.07,SUP03,8,7.332532292941394,30.492065366871355,1056.6536964980544,51.1605,143.71395728228512
S009,P020,8.180851063829786,3.336528330356362,SUP03,2428.59,SUP03,8,15.522692955663064,80.96950146630135,2986.010638297872,364.2885,90.53634224240065
S009,P021,20.946268656716416,7.888428420613808,SUP04,510.53,SUP04,5,29.013675409595002,133.7450186931771,7645.388059701492,76.5795,315.968292872628
S009,P022,16.043087971274687,4.69673196666656,SUP07,1566.2,SUP07,8,21.85083445876982,150.1955382289673,5855.727109515261,234.93,157.87783977164153
S009,P023,19.518783542039355,5.683017645318783,SUP03,802.13,SUP03,8,26.439379269552543,182.58964760586738,7124.355992844365,120.31949999999999,243.33512153673306
S009,P024,18.505395683453237,6.196334838332909,SUP01,34988.75,SUP01,8,28.827509801376944,176.87067526900285,6754.469424460432,5248.3125,35.87449339808795
S009,P025,4.671328671328672,2.23787183748568,SUP06,61.53,SUP06,3,6.375629847211334,20.38961586119735,1705.0349650349651,9.2295,429.8110312933833
S009,P026,17.602836879432623,5.400321591139889,SUP03,615.33,SUP03,8,25.124178673510315,165.94687370897128,6425.035460992907,92.29950000000001,263.8384520489808
S009,P027,22.951790633608816,7.518557516840329,SUP06,1204.78,SUP06,3,21.420145206438377,90.27551710726482,8377.403581267217,180.71699999999998,215.3055449917282
S009,P028,4.617857142857143,2.498737222606891,SUP03,1674.49,SUP03,8,11.624996656111223,48.567853798968365,1685.517857142857,251.1735,81.91808105410303
S009,P029,2.569169960474308,1.455667688238284,SUP02,37324.28,SUP02,7,6.334881841067515,24.31907156438767,937.7470355731225,5598.642,12.942003145820614
S009,P030,20.156583629893237,6.462040626324898,SUP03,713.27,SUP03,8,30.06366575606102,191.31633479520693,7357.153024911032,106.9905,262.22994632281916
S009,P031,6.8826446280991735,3.0973893537836314,SUP02,17063.99,SUP02,7,13.479447081597813,61.65795947829203,2512.1652892561983,2559.5985,31.32839759144001
S009,P032,5.215686274509804,2.4243922659838986,SUP06,333.73,SUP06,3,6.907020962255696,22.55407978578511,1903.7254901960785,50.0595,195.01090992681128
S009,P033,4.388384754990925,2.1737632481406908,SUP07,2764.49,SUP07,8,10.113104436187669,45.22018247611507,1601.7604355716876,414.67349999999993,62.15064496739845
S009,P034,10.376470588235295,3.8563582959566185,SUP02,2182.61,SUP02,7,16.78238401463142,89.41767813227848,3787.4117647058824,327.3915,107.55672306272413
S009,P035,7.155913978494624,3.092655190775762,SUP03,2556.37,SUP03,8,14.388110092571086,71.63542192052807,2611.9086021505377,383.4555,82.53183517682312
S009,P036,19.615168539325843,6.881205796987884,SUP08,1133.37,SUP08,4,22.637152625950034,101.09782678325341,7159.536516853933,170.00549999999998,205.21588191440065
S009,P037,18.72175379426644,6.557836422222781,SUP02,33750.82,SUP02,7,28.5388754614095,159.59115202127458,6833.4401349072505,5062.623,36.73938677460172
S009,P038,11.41563055062167,4.259956403623536,SUP03,420.97,SUP03,8,19.818802273108872,111.14384667808223,4166.705150976909,63.1455,256.8769769105592
S009,P039,6.905688622754491,3.034301251162925,SUP04,436.51,SUP04,5,11.160173725620103,45.68861683939256,2520.5763473053894,65.4765,196.2037031808945
S009,P040,21.215254237288136,6.855489009672412,SUP05,1150.8,SUP05,7,29.834221910614165,178.3410015716311,7743.567796610169,172.61999999999998,211.79953212020703
S009,P041,13.384047267355982,4.5641625139102775,SUP04,2548.71,SUP04,5,16.787010369415245,83.70724670619515,4885.177252584934,382.30649999999997,113.04056566543714
S009,P042,14.742049469964664,5.278498583561751,SUP01,8136.06,SUP01,8,24.557415572964764,142.49381133268207,5380.848056537103,1220.409,66.4007008766378
S009,P043,18.804054054054053,6.611694283868078,SUP02,37440.8,SUP02,7,28.77325806981131,160.40163644818966,6863.479729729729,5616.12,34.95859648473622
S009,P044,14.780918727915195,5.103327722644375,SUP07,2839.16,SUP07,8,23.74245966083883,141.9898094841604,5395.035335689046,425.87399999999997,112.55287252574533
S009,P045,18.930348258706466,6.580838315518232,SUP02,18666.11,SUP02,7,28.638976794512438,161.15141460545772,6909.577114427861,2799.9165,49.676752158448
S009,P046,10.61602671118531,4.128716253141026,SUP02,4833.36,SUP02,7,17.967651429150905,92.27983840744807,3874.8497495826377,725.0039999999999,73.10670869936688
S009,P047,9.816363636363636,3.7295777185362984,SUP03,2697.13,SUP03,8,17.351295732273304,95.88220482318239,3582.9727272727273,404.5695,94.10770487411732
S009,P048,13.700447093889716,5.178426814914029,SUP04,2809.66,SUP04,5,19.046277246763403,87.54851271621197,5000.663189269746,421.44899999999996,108.92844109148669
S009,P049,21.741071428571427,7.74936726104708,SUP03,1141.55,SUP03,8,36.0527580417858,209.98132947035722,7935.491071428571,171.2325,215.27510263046315
S009,P050,11.616216216216216,4.057184663037815,SUP07,383.33,SUP07,8,18.87543744669323,111.80516717642296,4239.918918918919,57.4995,271.54808327839186
S009,P051,18.21153846153846,7.544079903272463,SUP01,17720.45,SUP01,8,35.097689687226264,180.78999737953393,6647.211538461538,2658.0675,50.00768464868738
S009,P052,15.909734513274337,4.9160318967885965,SUP01,11392.14,SUP01,8,22.871094184878356,150.14897029107306,5807.053097345133,1708.821,58.294772568472666
S009,P053,18.450516986706056,6.549717948561007,SUP04,106.42,SUP04,5,24.089892238530442,116.34247717206071,6734.438700147711,15.963,649.521371212063
S009,P054,14.994633273703041,4.9279729487074055,SUP03,127.76,SUP03,8,22.926648121230965,142.88371431085528,5473.04114490161,19.164,534.4059384003693
S009,P055,18.199664429530202,6.654150146556474,SUP05,190.55,SUP05,7,28.958020619509085,156.3556716262205,6642.877516778523,28.5825,482.0898816183962
S009,P056,15.911602209944752,4.595737778434265,SUP06,621.31,SUP06,3,13.093119301712337,60.82792593154659,5807.734806629835,93.19649999999999,249.63391471956535
S009,P057,23.071229050279328,5.857678878529109,SUP08,595.26,SUP08,4,19.270048697731273,111.55496489884858,8420.998603351954,89.289,307.1021225691516
S009,P058,3.776614310645724,2.134222738817521,SUP02,1741.9,SUP02,7,9.287867678983158,35.72416785350323,1378.4642233856894,261.285,72.63409176198675
S009,P059,4.8116666666666665,2.2258604283811856,SUP02,31374.03,SUP02,7,9.68666332462726,43.368329991293926,1756.2583333333332,4706.1044999999995,19.31805577850269
S009,P060,13.239339752407153,4.462323895651072,SUP06,2105.33,SUP06,3,12.713027145022723,52.43104640224418,4832.359009628611,315.79949999999997,123.70118980492414
S010,P001,18.058823529411764,7.204792405992376,SUP05,600.02,SUP05,7,31.354346153427148,157.7661108593095,6591.470588235294,90.003,270.6217302573348
S010,P002,5.1328671328671325,2.289051875820275,SUP02,14849.87,SUP02,7,9.961664519011903,45.89173444908183,1873.4965034965035,2227.4805,29.001435040306458
S010,P003,22.884297520661157,6.325676302045177,SUP06,1322.71,SUP06,3,18.0216623488273,86.67455491081077,8352.768595041322,198.4065,205.1810636978196
S010,P004,2.511006289308176,1.4024292512226033,SUP06,2053.84,SUP06,3,3.9954789380356046,11.528497805960134,916.5172955974843,308.076,54.54329859230578
S010,P005,5.406427221172023,2.4724306174381283,SUP01,31240.12,SUP01,8,11.502609157996696,54.75402692737288,1973.3459357277884,4686.018,20.52105274020148
S010,P006,15.701428571428572,4.566876853358997,SUP08,1704.4,SUP08,4,15.023687912176547,77.82940219789083,5731.021428571429,255.66,149.7216566443308
S010,P007,7.9750346740638,2.9616883848699924,SUP06,659.46,SUP06,3,8.437761514498295,32.3628655366897,2910.887656033287,98.919,171.54294575507677
S010,P008,11.502283105022832,4.060188662440136,SUP04,1992.51,SUP04,5,14.933392264284445,72.44480778939861,4198.333333333334,298.87649999999996,118.52025417254818
S010,P009,5.8933333333333335,2.746971499179195,SUP03,288.34,SUP03,8,12.779869048845102,59.92653571551177,2151.0666666666666,43.251,223.0123215015908
S010,P010,11.01657458563536,3.622161903249278,SUP06,1349.55,SUP06,3,10.319430789090342,43.369154545996416,4021.049723756906,202.43249999999998,140.9384861981906
S010,P011,24.55390334572491,8.265038976271144,SUP03,2727.57,SUP03,8,38.4518426317519,234.88306939755117,8962.17472118959,409.13550000000004,148.0038869284953
S010,P012,6.953823953823954,2.927970150151266,SUP08,831.28,SUP08,4,9.632164642163913,37.44746045745973,2538.1457431457434,124.692,142.6720766556532
S010,P013,12.735822959889349,4.194136222162294,SUP06,2572.71,SUP06,3,11.948968494697908,50.15643737436596,4648.575380359613,385.9065,109.75362975336478
S010,P014,10.071556350626118,3.6212083732357065,SUP02,3423.55,SUP02,7,15.759041264490433,86.25993571887327,3676.118067978533,513.5325,84.60786938480354
S010,P015,10.805555555555555,3.296387743072891,SUP06,528.37,SUP06,3,9.391309962741158,41.80797662940782,3944.027777777778,79.2555,223.07724762293125
S010,P016,13.731239092495636,5.260455925002002,SUP02,19318.02,SUP02,7,22.892839474483274,119.01151312195273,5011.902268760908,2897.703,41.5886058161993
S010,P017,12.764216366158113,4.7551020526270955,SUP06,815.59,SUP06,3,13.54714334638888,51.83979244486322,4658.9389736477115,122.3385,195.14702515980625
S010,P018,8.643939393939394,3.790795955646335,SUP01,5652.95,SUP01,8,17.63610431288697,86.78761946440213,3155.037878787879,847.9425,60.998490409118396
S010,P019,3.135294117647059,1.6547037827980564,SUP03,341.07,SUP03,8,7.698258851650466,32.78061179282694,1144.3823529411764,51.1605,149.56093995309072
S010,P020,9.051330798479087,3.357327187607674,SUP03,2428.59,SUP03,8,15.619456490383687,88.03010287821638,3303.735741444867,364.2885,95.23134544193213
S010,P021,23.406779661016948,8.173712962595046,SUP04,510.53,SUP04,5,30.062953245315615,147.09685155040034,8543.474576271186,76.5795,334.0111790346204
S010,P022,18.08221797323136,5.579701963221123,SUP07,1566.2,SUP07,8,25.958718699068022,170.61646248491888,6600.009560229446,234.93,167.61120292502238
S010,P023,21.979323308270676,6.170638903331854,SUP03,802.13,SUP03,8,28.70796335377119,204.5425498199366,8022.453007518797,120.31949999999999,258.21744625070255
S010,P024,20.725563909774436,6.953427575565772,SUP01,34988.75,SUP01,8,32.34976914864676,198.15428042684226,7564.830827067669,5248.3125,37.96555622354192
S010,P025,5.234463276836158,2.4876154621395012,SUP06,61.53,SUP06,3,7.087141954751243,22.790531785259716,1910.5790960451977,9.2295,454.9811706577431
S010,P026,19.958490566037735,5.997335071767199,SUP03,615.33,SUP03,8,27.901693513068004,187.5696180413699,7284.8490566037735,92.29950000000001,280.938076475417
S010,P027,25.497229916897506,7.984945479665034,SUP06,1204.78,SUP06,3,22.74887054555615,99.24056029624867,9306.48891966759,180.71699999999998,226.93079160117995
S010,P028,5.2430426716141,2.546650767212892,SUP03,1674.49,SUP03,8,11.84790716898464,53.79224854189744,1913.7105751391466,251.1735,87.28733210951474
S010,P029,2.75049115913556,1.4949471175503435,SUP02,37324.28,SUP02,7,6.5058209540855465,25.759259068034467,1003.9292730844794,5598.642,13.390913663648666
S010,P030,22.825426944971536,7.164012735685725,SUP03,713.27,SUP03,8,33.329484726608605,215.93290028638089,8331.28083491461,106.9905,279.05080423370964
S010,P031,7.869718309859155,3.441719135597994,SUP02,17063.99,SUP02,7,14.977926782548268,70.06595495156236,2872.4471830985917,2559.5985,33.49963710572805
S010,P032,5.811373092926491,2.493977952722095,SUP06,333.73,SUP06,3,7.1052684998828735,24.539387778662345,2121.151178918169,50.0595,205.84605943312164
S010,P033,4.965048543689321,2.3153063994469205,SUP07,2764.49,SUP07,8,10.771612520088427,50.49200086960299,1812.242718446602,414.67349999999993,66.10815558668341
S010,P034,11.46384479717813,4.243267129638044,SUP02,2182.61,SUP02,7,18.466162369019028,98.71307594926594,4184.303350970017,327.3915,113.0519040492681
S010,P035,7.96780303030303,3.187514974185209,SUP03,2556.37,SUP03,8,14.829430874507404,78.57185511693164,2908.248106060606,383.4555,87.08798482476544
S010,P036,22.001443001443,7.553565800086785,SUP08,1133.37,SUP08,4,24.849020205378697,112.8547922111507,8030.526695526695,170.00549999999998,217.3404335947245
S010,P037,21.22695035460993,7.347133701766561,SUP02,33750.82,SUP02,7,31.973797486392574,180.5624499686621,7747.836879432624,5062.623,39.120323764131875
S010,P038,12.868029739776953,4.754617497206031,SUP03,420.97,SUP03,8,22.120138126586692,125.06437604480232,4696.8308550185875,63.1455,272.7289603725421
S010,P039,7.738058551617874,3.148453949852878,SUP04,436.51,SUP04,5,11.580027867703057,50.27032062579243,2824.391371340524,65.4765,207.69197194524244
S010,P040,24.382142857142856,7.495284316960739,SUP05,1150.8,SUP05,7,32.61853024340831,203.2935302434083,8899.482142857143,172.61999999999998,227.05800194316149
S010,P041,15.124416796267496,5.19496021295373,SUP04,2548.71,SUP04,5,19.10708715953234,94.72917114086982,5520.412130637636,382.30649999999997,120.16553096412119
S010,P042,16.618595825426944,5.781894146876608,SUP01,8136.06,SUP01,8,26.899387224602137,159.8481538280177,6065.787476280834,1220.409,70.50028849722074
S010,P043,20.97158081705151,7.248947069579645,SUP02,37440.8,SUP02,7,31.546501669976372,178.34756738933694,7654.626998223801,5616.12,36.91848127283942
S010,P044,16.602272727272727,5.36318133107532,SUP07,2839.16,SUP07,8,24.951389236049074,157.76957105423088,6059.829545454545,425.87399999999997,119.28604532636716
S010,P045,20.973591549295776,6.92012935230454,SUP02,18666.11,SUP02,7,30.115528513796544,176.93066935886696,7655.360915492958,2799.9165,52.28899507305508
S010,P046,11.943462897526501,4.6719253412481025,SUP02,4833.36,SUP02,7,20.33162874070133,103.93586902338684,4359.363957597173,725.0039999999999,77.54277934828914
S010,P047,10.701127819548873,3.4547053867778312,SUP03,2697.13,SUP03,8,16.0724938203956,101.68151637678659,3905.9116541353387,404.5695,98.25725759652556
S010,P048,15.280185758513932,5.774883653005517,SUP04,2809.66,SUP04,5,21.24004819497887,97.64097698754853,5577.267801857585,421.44899999999996,115.03718222027345
S010,P049,24.442776735459663,8.523684901808743,SUP03,1141.55,SUP03,8,39.655153645126276,235.19736752880357,8921.613508442777,171.2325,228.2593645712008
S010,P050,12.834285714285715,4.258933775364955,SUP07,383.33,SUP07,8,19.814044649946705,122.48833036423243,4684.5142857142855,57.4995,285.43041551999835
S010,P051,20.2453531598513,7.923941679318647,SUP01,17720.45,SUP01,8,36.86493909479475,198.82776437360516,7389.553903345725,2658.0675,52.72615573101652
S010,P052,17.98501872659176,5.4785750447743835,SUP01,11392.14,SUP01,8,25.48824102012277,169.36839083285685,6564.531835205993,1708.821,61.980288462104376
S010,P053,20.392638036809817,7.304175169320053,SUP04,106.42,SUP04,5,26.86478930881721,128.8279794928663,7443.312883435583,15.963,682.8508915302235
S010,P054,16.468045112781954,5.424443659483447,SUP03,127.76,SUP03,8,25.23640294475233,156.98076384700798,6010.836466165413,19.164,560.0468709962228
S010,P055,20.123022847100177,7.132225567838796,SUP05,190.55,SUP05,7,31.038544443327265,171.8997043730285,7344.903339191565,28.5825,506.92409708567305
S010,P056,17.912983425414364,4.897499567489126,SUP06,621.31,SUP06,3,13.952829601837317,67.69177987808041,6538.238950276243,93.19649999999999,264.8686712847168
S010,P057,25.962962962962962,6.814124484642684,SUP08,595.26,SUP08,4,22.4164747461267,126.26832659797854,9476.481481481482,89.289,325.7801204949656
S010,P058,4.347122302158273,2.354220054348044,SUP02,1741.9,SUP02,7,10.24526819731477,40.67512431242268,1586.6996402877696,261.285,77.92738852019042
S010,P059,5.783636363636363,2.5289769587111057,SUP02,31374.03,SUP02,7,11.00578816282321,51.49124270827775,2111.0272727272727,4706.1044999999995,21.179521242155204
S010,P060,14.747237569060774,4.919088693606916,SUP06,2105.33,SUP06,3,14.014336375615052,58.256049082797375,5382.741712707182,315.79949999999997,130.5557642705418
S011,P001,17.368150684931507,6.889204969819932,SUP05,600.02,SUP05,7,29.980949508827997,151.55800430334855,6339.375,90.003,265.39621730837575
S011,P002,5.0,2.3778538534372955,SUP02,14849.87,SUP02,7,10.348119504584721,45.34811950458472,1825.0,2227.4805,28.623614814692086
S011,P003,21.27372764786795,5.8243963257432085,SUP06,1322.71,SUP06,3,16.593530708227632,80.41471365183148,7764.910591471802,198.4065,197.82914851274876
S011,P004,2.5269168026101143,1.4135235447965955,SUP06,2053.84,SUP06,3,4.027086248185921,11.607836656016264,922.3246329526917,308.076,54.715827338712806
S011,P005,5.08058608058608,2.486091295811288,SUP01,31240.12,SUP01,8,11.566163396102018,52.21085204079066,1854.4139194139193,4686.018,19.89304948683589
S011,P006,14.57443820224719,4.359069110433687,SUP08,1704.4,SUP08,4,14.340061272857955,72.63781408184671,5319.669943820224,255.66,144.2483823348737
S011,P007,7.46398891966759,2.815048650902957,SUP06,659.46,SUP06,3,8.019989303861882,30.411956062864654,2724.3559556786704,98.919,165.9556591450232
S011,P008,10.98796992481203,3.815374683435132,SUP04,1992.51,SUP04,5,14.032965342234755,68.9728149662949,4010.6090225563908,298.87649999999996,115.84019471786162
S011,P009,5.840225563909774,2.5524328975843944,SUP03,288.34,SUP03,8,11.874807655208553,58.59661216648675,2131.6823308270677,43.251,222.00520977659835
S011,P010,10.527472527472527,3.5152351749022546,SUP06,1349.55,SUP06,3,10.014799742175754,41.59721732459334,3842.5274725274726,202.43249999999998,137.77435017435684
S011,P011,23.062836624775585,7.958164071714368,SUP03,2727.57,SUP03,8,37.02415359464893,221.52684659285362,8417.935368043089,409.13550000000004,143.4396482024534
S011,P012,6.363376251788269,2.8560754205882772,SUP08,831.28,SUP08,4,9.395652028803159,34.84915703595624,2322.6323319027183,124.692,136.48060475213492
S011,P013,11.998618784530386,3.840347534048787,SUP06,2572.71,SUP06,3,10.941035117209907,46.936891470801065,4379.495856353591,385.9065,106.52977581046085
S011,P014,9.395833333333334,3.5849322351245054,SUP02,3423.55,SUP02,7,15.601172095282712,81.37200542861605,3429.479166666667,513.5325,81.7203310792612
S011,P015,10.22038567493113,3.370201731813489,SUP06,528.37,SUP06,3,9.60160380614777,40.26276083094116,3730.4407713498626,79.2555,216.95285491073298
S011,P016,12.986417657045841,4.901737048289314,SUP02,19318.02,SUP02,7,21.331740250741102,112.23666385006199,4740.042444821732,2897.703,40.44493856689026
S011,P017,12.164591977869986,4.631491260329246,SUP06,815.59,SUP06,3,13.194979900917819,49.68875583452777,4440.0760719225445,122.3385,190.50818078066794
S011,P018,8.007130124777184,3.3937893590195682,SUP01,5652.95,SUP01,8,15.789091223041012,79.84613222125849,2922.6024955436724,847.9425,58.70859320369352
S011,P019,2.9423076923076925,1.6956644424205696,SUP03,341.07,SUP03,8,7.888822119702737,31.427283658164278,1073.9423076923078,51.1605,144.88488676181518
S011,P020,8.445871559633028,3.522682073481183,SUP03,2428.59,SUP03,8,16.38874506461229,83.95571754167652,3082.743119266055,364.2885,91.99112663665858
S011,P021,21.830075187969925,7.916716195851891,SUP04,510.53,SUP04,5,29.11771797486347,138.2680939147131,7967.977443609023,76.5795,322.56540285692125
S011,P022,17.06946983546618,5.246900383828978,SUP07,1566.2,SUP07,8,24.41040973221077,160.96616841594022,6230.356489945156,234.93,162.84979234611833
S011,P023,20.37956204379562,6.125000629763873,SUP03,802.13,SUP03,8,28.49563819495959,191.53213454532454,7438.540145985401,120.31949999999999,248.6427762865277
S011,P024,19.211009174311926,6.634459664951742,SUP01,34988.75,SUP01,8,30.865819231565684,184.5538926260611,7012.018348623853,5248.3125,36.55204492059011
S011,P025,4.9424964936886395,2.3189020419401283,SUP06,61.53,SUP06,3,6.606482473081926,21.433971954147843,1804.0112201963534,9.2295,442.1101953139229
S011,P026,18.678438661710036,5.5888572782693045,SUP03,615.33,SUP03,8,26.00131241634963,175.42882171002992,6817.630111524163,92.29950000000001,271.77971776899057
S011,P027,23.62258953168044,7.505086967419147,SUP06,1204.78,SUP06,3,21.381768014541404,92.24953660958273,8622.24517906336,180.71699999999998,218.42919229410853
S011,P028,4.822141560798548,2.6766905865803277,SUP03,1674.49,SUP03,8,12.452897742475438,51.03003022886382,1760.08166969147,251.1735,83.71041622510938
S011,P029,2.5679245283018868,1.404862415466922,SUP02,37324.28,SUP02,7,6.113783713719992,24.0892554118332,937.2924528301887,5598.642,12.938865879465247
S011,P030,21.612844036697247,6.625389845874875,SUP03,713.27,SUP03,8,30.82362327134778,203.72637556492575,7888.688073394495,106.9905,271.5374801262417
S011,P031,7.308873720136519,3.24527107809978,SUP02,17063.99,SUP02,7,14.123009659489403,65.28512570044504,2667.7389078498295,2559.5985,32.283881008540845
S011,P032,5.459084604715673,2.4997341513757667,SUP06,333.73,SUP06,3,7.1216677374656925,23.49892155161271,1992.5658807212205,50.0595,199.50927525515732
S011,P033,4.551851851851852,2.22381616716813,SUP07,2764.49,SUP07,8,10.345968064687002,46.76078287950182,1661.425925925926,414.67349999999993,63.29761557306486
S011,P034,10.843103448275862,4.16057705198628,SUP02,2182.61,SUP02,7,18.106305599795423,94.00802973772646,3957.7327586206898,327.3915,109.94855675585252
S011,P035,7.488073394495413,3.2142183196491274,SUP03,2556.37,SUP03,8,14.9536641467845,74.8582513027478,2733.146788990826,383.4555,84.42556831704191
S011,P036,20.652797704447632,6.901396768970272,SUP08,1133.37,SUP08,4,22.703575012943848,105.31476583073437,7538.271162123386,170.00549999999998,210.57382783535948
S011,P037,19.8147512864494,6.90982580667451,SUP02,33750.82,SUP02,7,30.070688785170507,168.77394779031633,7232.384219554031,5062.623,37.7966188406758
S011,P038,11.927667269439421,4.317370268348239,SUP03,420.97,SUP03,8,20.085911587125803,115.50724974264118,4353.598553345389,63.1455,262.57476582968087
S011,P039,7.3343373493975905,3.0540078527166736,SUP04,436.51,SUP04,5,11.23265469526579,47.90434144225374,2677.0331325301204,65.4765,202.20139380512103
S011,P040,22.54749568221071,7.177608862083353,SUP05,1150.8,SUP05,7,31.236046805247252,189.06851658072222,8229.83592400691,172.61999999999998,218.3484092682048
S011,P041,13.870676691729324,4.674475390236727,SUP04,2548.71,SUP04,5,17.192741627478096,86.54612508612472,5062.796992481203,382.30649999999997,115.07723429136874
S011,P042,15.201801801801802,5.457647599952521,SUP01,8136.06,SUP01,8,25.39087925119643,147.00529366561085,5548.657657657657,1220.409,67.42815311908498
S011,P043,19.36456558773424,6.87330282672195,SUP02,37440.8,SUP02,7,29.911745391460126,165.46370450559982,7068.066439522998,5616.12,35.47579382111313
S011,P044,15.363309352517986,5.217885304073954,SUP07,2839.16,SUP07,8,24.275421466106888,147.18189628625078,5607.607913669065,425.87399999999997,114.74882748834536
S011,P045,19.5809199318569,6.6518629255983726,SUP02,18666.11,SUP02,7,28.948066922912627,166.01450644591094,7147.035775127769,2799.9165,50.52315210553336
S011,P046,11.017006802721088,4.334762997196233,SUP02,4833.36,SUP02,7,18.864340823215922,95.98338844226355,4021.207482993197,725.0039999999999,74.47457605665386
S011,P047,9.983576642335766,3.852123085586711,SUP03,2697.13,SUP03,8,17.921419500909014,97.79003263959514,3644.0054744525546,404.5695,94.90584078366798
S011,P048,14.33433734939759,5.527086341054269,SUP04,2809.66,SUP04,5,20.328648560859577,92.00033530784752,5232.03313253012,421.44899999999996,111.41989091452204
S011,P049,22.911926605504586,8.163289021078583,SUP03,1141.55,SUP03,8,37.97846636866532,221.273879212702,8362.853211009175,171.2325,220.99586013875467
S011,P050,11.919561243144424,4.260402200892183,SUP07,383.33,SUP07,8,19.8208762774141,115.17736622256949,4350.639853747714,57.4995,275.0708267915451
S011,P051,18.92766726943942,7.0470862889886705,SUP01,17720.45,SUP01,8,32.78550213429499,184.20684028981037,6908.598553345389,2658.0675,50.98142565056778
S011,P052,16.62112932604736,5.134183937851938,SUP01,11392.14,SUP01,8,23.886013530914827,156.8550481392937,6066.712204007286,1708.821,59.58382923787461
S011,P053,19.184290030211482,6.908688714391928,SUP04,106.42,SUP04,5,25.41018833884565,121.33163848990307,7002.265861027191,15.963,662.31111143742
S011,P054,15.809259259259258,5.120687008875278,SUP03,127.76,SUP03,8,23.823221112087467,150.29729518616153,5770.37962962963,19.164,548.7305148417332
S011,P055,19.289879931389365,6.75593290130993,SUP05,190.55,SUP05,7,29.400966306928886,164.43012582665446,7040.806174957118,28.5825,496.31921399252224
S011,P056,16.775790921595597,4.545220284905854,SUP06,621.31,SUP06,3,12.949196475502632,63.27656924028942,6123.163686382393,93.19649999999999,256.32332808573346
S011,P057,23.945757997218358,6.603460365964411,SUP08,595.26,SUP08,4,21.723451466773714,117.50648345564714,8740.2016689847,89.289,312.868433153092
S011,P058,4.081850533807829,2.214936685214618,SUP02,1741.9,SUP02,7,9.639124574690367,38.21207831134517,1489.8754448398577,261.285,75.51230758808983
S011,P059,5.206239168110918,2.530528031125208,SUP02,31374.03,SUP02,7,11.0125382339759,47.45621241075233,1900.277296360485,4706.1044999999995,20.094523235730982
S011,P060,13.76,4.542044225440383,SUP06,2105.33,SUP06,3,12.940147977199295,54.2201479771993,5022.4,315.79949999999997,126.11011744595271
S012,P001,25.088477366255145,10.015163294781372,SUP05,600.02,SUP05,7,43.5847251430169,219.2040667068029,9157.294238683127,90.003,318.97385831089093
S012,P002,7.3058568329718,3.086391655157178,SUP02,14849.87,SUP02,7,13.431586486844507,64.57258431764711,2666.6377440347073,2227.4805,34.59991688579543
S012,P003,30.962536023054756,9.91690046190985,SUP06,1322.71,SUP06,3,28.25295243351079,121.14056050267506,11301.325648414986,198.4065,238.66390743638678
S012,P004,3.4191522762951334,1.8603299659257717,SUP06,2053.84,SUP06,3,5.300024361423642,15.557481190309042,1247.9905808477238,308.076,63.646821547838144
S012,P005,7.659817351598173,3.1201393449300667,SUP01,31240.12,SUP01,8,14.51597595907725,75.79451477186264,2795.833333333333,4686.018,24.426073690991338
S012,P006,22.009771986970684,6.810166731468832,SUP08,1704.4,SUP08,4,22.40345489680152,110.44254284468425,8033.5667752443,255.66,177.26492516389004
S012,P007,10.951470588235294,3.8267715447472743,SUP06,659.46,SUP06,3,10.902357530251491,43.75676929495737,3997.2867647058824,98.919,201.0216318356179
S012,P008,16.753130590339893,5.421967137214816,SUP04,1992.51,SUP04,5,19.942019653694363,103.70767260539382,6114.892665474061,298.87649999999996,143.0370467444594
S012,P009,8.305239179954443,3.496605643640303,SUP03,288.34,SUP03,8,16.267428422365576,82.70934186200111,3031.4123006833715,43.251,264.74296452997197
S012,P010,15.182608695652174,5.000579255901682,SUP06,1349.55,SUP06,3,14.246500547186324,59.79432663414284,5541.652173913044,202.43249999999998,165.45485389607592
S012,P011,35.14908256880734,11.99725156581275,SUP03,2727.57,SUP03,8,55.81539670249668,337.0080572529554,12829.415137614678,409.13550000000004,177.08013611012876
S012,P012,9.54516129032258,4.043730160240466,SUP08,831.28,SUP08,4,13.302688440969177,51.4833336022595,3483.983870967742,124.692,167.1547692833476
S012,P013,17.6064610866373,5.846885995128318,SUP06,2572.71,SUP06,3,16.65760310280529,69.47698636271718,6426.358296622614,385.9065,129.04507102704653
S012,P014,14.363247863247864,4.7728371029438454,SUP02,3423.55,SUP02,7,20.77078397639263,121.31351901912768,5242.585470085471,513.5325,101.03894263923605
S012,P015,14.910029498525073,4.761290212697329,SUP06,528.37,SUP06,3,13.56477322911149,58.294861724686704,5442.1607669616515,79.2555,262.0420440602617
S012,P016,19.517970401691333,6.942575788845796,SUP02,19318.02,SUP02,7,30.21321256929273,166.83900538113204,7124.059196617336,2897.703,49.58345947717862
S012,P017,17.91336270190896,6.189161351461951,SUP06,815.59,SUP06,3,17.6327353428434,71.37282344857027,6538.37738619677,122.3385,231.18168045405588
S012,P018,12.54462242562929,4.884533694208989,SUP01,5652.95,SUP01,8,22.724553565741367,123.0815329707757,4578.787185354691,847.9425,73.48387127632456
S012,P019,4.173120728929385,2.1169261470054326,SUP03,341.07,SUP03,8,9.848678427457106,43.233644258892184,1523.1890660592255,51.1605,172.54783586664706
S012,P020,13.083720930232559,4.460389262103812,SUP03,2428.59,SUP03,8,20.751285804601288,125.42105324646175,4775.558139534884,364.2885,114.49574244311607
S012,P021,32.42780748663102,11.935490758598355,SUP04,510.53,SUP04,5,43.89878899316273,206.03782642631782,11836.14973262032,76.5795,393.14156490965877
S012,P022,25.468677494199536,7.245098928204437,SUP07,1566.2,SUP07,8,33.70672596204488,237.45614591564117,9296.067285382831,234.93,198.92088828164682
S012,P023,31.239080459770115,9.841735594962968,SUP03,802.13,SUP03,8,45.78718496153553,295.6998286396964,11402.264367816091,120.31949999999999,307.84176744287845
S012,P024,29.636574074074073,9.738094894799247,SUP01,34988.75,SUP01,8,45.305012293701616,282.3976048862942,10817.349537037036,5248.3125,45.39944967196038
S012,P025,7.150521609538003,3.0335923528612585,SUP06,61.53,SUP06,3,8.642613765989651,30.094178594603658,2609.940387481371,9.2295,531.7729069448025
S012,P026,27.730593607305938,8.347187422235526,SUP03,615.33,SUP03,8,38.8340258405346,260.6787746989821,10121.666666666668,92.29950000000001,331.151206117999
S012,P027,35.4067055393586,12.421286717938072,SUP06,1204.78,SUP06,3,35.38787387781425,141.60799049589005,12923.447521865888,180.71699999999998,267.41741575287324
S012,P028,7.890186915887851,4.001708881173702,SUP03,1674.49,SUP03,8,18.61734476978795,81.73884009689075,2879.9182242990655,251.1735,107.07871958064469
S012,P029,3.45610278372591,1.8838881507457201,SUP02,37324.28,SUP02,7,8.198443183969173,32.39116267005054,1261.4775160599572,5598.642,15.010612308810758
S012,P030,31.645598194130926,10.62560713372929,SUP03,713.27,SUP03,8,49.43402862902304,302.59881418207044,11550.643340857789,106.9905,328.57194487100776
S012,P031,11.084033613445378,4.479341740987395,SUP02,17063.99,SUP02,7,19.49352924722734,97.081764541345,4045.6722689075627,2559.5985,39.756617350329606
S012,P032,8.08284023668639,3.249469688185732,SUP06,333.73,SUP06,3,9.257641829427609,33.50616253948678,2950.2366863905327,50.0595,242.7644981292854
S012,P033,6.854166666666667,2.782032382330246,SUP07,2764.49,SUP07,8,12.942984500003288,67.77631783333662,2501.7708333333335,414.67349999999993,77.6730969185849
S012,P034,16.191082802547772,6.05098946502926,SUP02,2182.61,SUP02,7,26.333141548876593,139.670721166711,5909.745222929937,327.3915,134.35402427057667
S012,P035,11.421911421911421,4.51338456849886,SUP03,2556.37,SUP03,8,20.997838444894246,112.37312982018561,4168.997668997668,383.4555,104.26975197135027
S012,P036,30.281889763779528,11.269045689184448,SUP08,1133.37,SUP08,4,37.071861348273785,158.1994204033919,11052.889763779527,170.00549999999998,254.98018587213443
S012,P037,30.575431034482758,10.185043868550826,SUP02,33750.82,SUP02,7,44.32402393395501,258.3520411753343,11160.032327586207,5062.623,46.95100926978272
S012,P038,18.082589285714285,6.681294499487223,SUP03,420.97,SUP03,8,31.083711209136847,175.74442549485113,6600.145089285714,63.1455,323.29987604151125
S012,P039,11.057761732851986,4.159164182741902,SUP04,436.51,SUP04,5,15.297424675610777,70.58623333987072,4036.083032490975,65.4765,248.2774738234834
S012,P040,34.49032258064516,9.9243047237157,SUP05,1150.8,SUP05,7,43.18932012262666,284.6215781871428,12588.967741935485,172.61999999999998,270.0533096821843
S012,P041,20.815275310834814,6.7117558511587525,SUP04,2548.71,SUP04,5,24.68586837716627,128.76224493134032,7597.575488454707,382.30649999999997,140.97161363685117
S012,P042,23.155756207674944,7.980498405498202,SUP01,8136.06,SUP01,8,37.12806070148855,222.3741103628881,8451.851015801354,1220.409,83.2191385073793
S012,P043,29.70063694267516,10.593935419783685,SUP02,37440.8,SUP02,7,46.10346829739063,254.00792689611677,10840.732484076434,5616.12,43.93504993501816
S012,P044,23.547344110854503,8.047785445003711,SUP07,2839.16,SUP07,8,37.44110346651972,225.81985635335576,8594.780600461894,425.87399999999997,142.06164329191284
S012,P045,29.43551797040169,10.057913161137638,SUP02,18666.11,SUP02,7,43.77076715952695,249.81939295233877,10743.964059196616,2799.9165,61.945495827001196
S012,P046,16.957537154989385,6.0150787022140735,SUP02,4833.36,SUP02,7,26.17686244678831,144.879622531714,6189.501061571125,725.0039999999999,92.39694660418584
S012,P047,15.540603248259862,5.1523396002374975,SUP03,2697.13,SUP03,8,23.97048000166337,148.29530598774227,5672.32018561485,404.5695,118.40875080071692
S012,P048,21.523131672597867,8.205493495730655,SUP04,2809.66,SUP04,5,30.179842189928575,137.7955005529179,7855.943060498222,421.44899999999996,136.52954713189902
S012,P049,34.29816513761468,12.680806251979911,SUP03,1141.55,SUP03,8,58.99553139976274,333.3808525006802,12518.830275229358,171.2325,270.3888489742591
S012,P050,18.411899313501145,5.94582926129887,SUP07,383.33,SUP07,8,27.66207052708633,174.95726503509547,6720.343249427918,57.4995,341.8721268113196
S012,P051,28.290249433106577,10.778012980196213,SUP01,17720.45,SUP01,8,50.14307375770663,276.46506922255924,10325.941043083902,2658.0675,62.32780288189609
S012,P052,25.329519450800916,7.271369834079109,SUP01,11392.14,SUP01,8,33.828947374597995,236.46510298100532,9245.274599542334,1708.821,73.55490200399315
S012,P053,28.677935943060497,10.186208075027778,SUP04,106.42,SUP04,5,37.4649193711585,180.854599086461,10467.446619217082,15.963,809.7726801229312
S012,P054,23.022831050228312,6.929156335908055,SUP03,127.76,SUP03,8,32.23685088044796,216.41949928227444,8403.333333333334,19.164,662.1901469507899
S012,P055,28.59830866807611,10.724168673771647,SUP05,190.55,SUP05,7,46.67022696247437,246.85838763900716,10438.38266384778,28.5825,604.3193505979585
S012,P056,24.919117647058822,7.2731830824672095,SUP06,621.31,SUP06,3,20.721080791163583,95.47843373234005,9095.47794117647,93.19649999999999,312.40139255207123
S012,P057,36.41803278688525,10.186794120273618,SUP08,595.26,SUP08,4,33.51157051147998,179.18370165902098,13292.581967213117,89.289,385.83861854901323
S012,P058,5.936842105263158,3.101689094466067,SUP02,1741.9,SUP02,7,13.498159009732609,55.05605374657471,2166.9473684210525,261.285,91.06823980262507
S012,P059,7.862869198312236,3.210739937602225,SUP02,31374.03,SUP02,7,13.972734499398397,69.01281888758405,2869.947257383966,4706.1044999999995,24.694837601620854
S012,P060,20.539027982326953,6.88042794666904,SUP06,2105.33,SUP06,3,19.60213317115432,81.21921711813518,7496.745213549338,315.79949999999997,154.0744607808561
